Date,AMZN,CAT,DE,EXC,GOOGL,JNJ,JPM,META,PFE,PG
2023-01-03,85.81999969482422,228.4510955810547,410.9951477050781,39.272560119628906,88.69595336914062,166.30368041992188,126.7098617553711,124.15486145019531,44.607906341552734,142.46470642089844
2023-01-04,85.13999938964844,230.8228302001953,410.21044921875,39.79121017456055,87.66089630126953,168.11428833007812,127.89143371582031,126.77252960205078,43.62454605102539,143.08505249023438
2023-01-05,83.12000274658203,229.78997802734375,401.73468017578125,38.92677307128906,85.78984832763672,166.8730010986328,127.86309051513672,126.34453582763672,43.215538024902344,141.30860900878906
2023-01-06,86.08000183105469,237.995361328125,413.1068115234375,39.736610412597656,86.9244155883789,168.2262725830078,130.30982971191406,129.41009521484375,44.31202697753906,144.6735382080078
2023-01-09,87.36000061035156,235.8531494140625,414.7826232910156,40.17338180541992,87.60118103027344,163.86776733398438,129.77134704589844,128.8626708984375,42.1103515625,142.90646362304688
2023-01-10,89.87000274658203,239.57333374023438,423.72332763671875,39.754817962646484,87.99927520751953,163.475830078125,130.9333038330078,132.36614990234375,41.44027328491211,142.76547241210938
2023-01-11,95.08999633789062,239.78372192382812,419.8971252441406,40.164283752441406,91.08452606201172,163.21450805664062,131.90635681152344,132.26661682128906,41.29233932495117,141.60935974121094
2023-01-12,95.2699966430664,243.93423461914062,422.42529296875,39.47273254394531,90.69638061523438,162.39317321777344,131.7740936279297,136.06871032714844,41.51860046386719,140.81040954589844
2023-01-13,98.12000274658203,247.17623901367188,425.85443115234375,39.47273254394531,91.68167877197266,161.8612060546875,135.099365234375,136.33743286132812,41.64042663574219,141.816162109375
2023-01-17,96.05000305175781,245.0723114013672,424.4692687988281,39.272560119628906,90.85562896728516,160.86257934570312,133.01161193847656,134.7250518798828,40.10013198852539,141.402587890625
2023-01-18,95.45999908447266,241.78248596191406,412.64178466796875,38.42631530761719,90.68643188476562,158.43600463867188,129.01560974121094,132.39601135253906,39.160274505615234,137.61471557617188
2023-01-19,93.68000030517578,236.14199829101562,395.7967529296875,38.25343322753906,92.60724639892578,158.22137451171875,127.2962646484375,135.51132202148438,39.12546920776367,134.7043914794922
2023-01-20,97.25,239.94717407226562,397.73406982421875,38.526405334472656,97.55359649658203,157.48403930664062,127.60801696777344,138.71621704101562,39.256004333496094,135.22459411621094
2023-01-23,97.5199966430664,242.8202667236328,396.5135192871094,38.053245544433594,99.315185546875,157.08274841308594,129.67689514160156,142.5979461669922,39.14287567138672,133.4086151123047
2023-01-24,96.31999969482422,247.53826904296875,403.6138916015625,37.77116394042969,97.23511505126953,157.08274841308594,130.79159545898438,142.46853637695312,38.90791320800781,134.1368865966797
2023-01-25,97.18000030517578,248.33584594726562,400.6788024902344,37.689273834228516,94.76692962646484,158.20269775390625,131.42454528808594,140.83624267578125,39.221195220947266,134.04229736328125
2023-01-26,99.22000122070312,251.87197875976562,408.0019226074219,37.853057861328125,97.05597686767578,157.62405395507812,132.23699951171875,146.60902404785156,38.86112594604492,133.50318908691406
2023-01-27,102.23999786376953,254.1973419189453,405.0765686035156,37.934959411621094,98.89718627929688,157.00808715820312,132.5581817626953,151.0281982421875,38.4571418762207,132.95460510253906
2023-01-30,100.55000305175781,251.27622985839844,407.42071533203125,37.98954772949219,96.4787368774414,151.19366455078125,131.4340057373047,146.37013244628906,38.246368408203125,133.37075805664062
2023-01-31,103.12999725341797,242.42626953125,409.5905456542969,38.38991928100586,98.36969757080078,152.51895141601562,132.2180633544922,148.27117919921875,38.782081604003906,134.66656494140625
2023-02-01,105.1500015258789,239.78379821777344,413.6105041503906,38.49000930786133,99.95214080810547,153.91888427734375,131.86854553222656,152.40171813964844,38.6152229309082,135.4326629638672
2023-02-02,112.91000366210938,235.3251953125,393.81097412109375,38.116939544677734,107.22734832763672,154.4975128173828,131.25453186035156,187.884521484375,38.94016647338867,134.4679412841797
2023-02-03,103.38999938964844,238.0734100341797,393.3363342285156,37.21611022949219,104.28143310546875,153.62954711914062,133.2855682373047,185.65501403808594,38.69425964355469,134.88406372070312
2023-02-06,102.18000030517578,241.59031677246094,397.3757019042969,37.27070617675781,102.41038513183594,152.4629364013672,134.06967163085938,185.18719482421875,38.4307975769043,133.73965454101562
2023-02-07,102.11000061035156,239.8991241455078,396.6878967285156,37.14331817626953,107.1278305053711,152.50027465820312,135.70394897460938,190.72113037109375,38.281494140625,132.4344024658203
2023-02-08,100.05000305175781,239.13998413085938,394.91522216796875,36.61555862426758,98.89718627929688,152.69625854492188,134.7498321533203,182.56954956054688,38.62400817871094,131.06295776367188
2023-02-09,98.23999786376953,236.6512451171875,395.2252197265625,36.38808059692383,94.55792236328125,150.63369750976562,132.65264892578125,177.0854034423828,38.061946868896484,129.6252899169922
2023-02-10,97.61000061035156,237.9868927001953,404.6987609863281,37.0432243347168,94.12001037597656,151.3336181640625,133.23834228515625,173.3330535888672,38.53617858886719,130.76974487304688
2023-02-13,99.54000091552734,238.44815063476562,402.31585693359375,37.47998809814453,94.15982055664062,151.8936309814453,134.6837158203125,178.58831787109375,38.632789611816406,132.481689453125
2023-02-14,99.69999694824219,234.80633544921875,396.4844970703125,38.24433517456055,94.22949981689453,151.23098754882812,135.2788543701172,178.63807678222656,38.39567565917969,131.7344970703125
2023-02-15,101.16000366210938,238.97666931152344,397.19158935546875,38.82668685913086,96.4787368774414,148.7390899658203,135.84567260742188,176.32896423339844,38.04438400268555,131.4318084716797
2023-02-16,98.1500015258789,236.8818817138672,390.33349609375,38.66290283203125,95.0555419921875,147.6844940185547,133.97520446777344,171.631103515625,37.71944046020508,129.71041870117188
2023-02-17,97.19999694824219,238.10223388671875,419.7324523925781,39.17245101928711,93.90106201171875,150.76771545410156,134.37196350097656,172.0690460205078,37.947776794433594,132.42494201660156
2023-02-21,94.58000183105469,231.2990264892578,413.7848815917969,38.42631530761719,91.3532485961914,148.52108764648438,131.90635681152344,171.27279663085938,37.4998893737793,132.3303680419922
2023-02-22,95.79000091552734,228.58926391601562,413.0486755371094,38.071441650390625,91.21391296386719,148.3142852783203,130.89553833007812,170.3173065185547,37.21885681152344,132.88839721679688
2023-02-23,95.81999969482422,228.64694213867188,411.731201171875,38.071441650390625,90.45752716064453,148.2672882080078,131.94410705566406,171.23297119140625,37.14860153198242,132.46275329589844
2023-02-24,93.5,226.93650817871094,404.34039306640625,37.92459487915039,88.70589447021484,146.61285400390625,133.13442993164062,169.59072875976562,36.66557693481445,131.71560668945312
2023-02-27,93.76000213623047,230.5975799560547,408.41845703125,38.02555847167969,89.4423828125,146.29327392578125,134.29640197753906,168.74472045898438,35.8137092590332,131.60206604003906
2023-02-28,94.2300033569336,230.18438720703125,406.10333251953125,37.07101821899414,89.63147735595703,144.06544494628906,135.42056274414062,174.11940002441406,35.6292839050293,130.10769653320312
2023-03-01,92.16999816894531,238.94781494140625,406.59735107421875,36.483604431152344,89.9300537109375,143.41685485839844,134.66482543945312,172.6065216064453,35.28678512573242,130.20225524902344
2023-03-02,92.12999725341797,242.32058715820312,408.13751220703125,37.06183624267578,91.56224060058594,143.30404663085938,133.26670837402344,173.71128845214844,35.67319869995117,132.34925842285156
2023-03-03,94.9000015258789,245.3282012939453,416.7973937988281,37.97966384887695,93.20439147949219,144.7798614501953,135.71343994140625,184.38099670410156,36.13865280151367,133.3140106201172
2023-03-06,93.75,244.05023193359375,412.3705749511719,38.08062744140625,94.6773452758789,146.22747802734375,134.91989135742188,184.03265380859375,36.103519439697266,132.7465362548828
2023-03-07,93.55000305175781,236.5167236328125,405.0474853515625,37.63088607788086,93.41340637207031,144.84567260742188,130.9522247314453,183.6444854736328,35.42729568481445,130.10769653320312
2023-03-08,93.91999816894531,238.9958953857422,410.9951477050781,37.86034393310547,93.8015365600586,143.783447265625,130.1775665283203,184.10232543945312,35.23408508300781,130.12660217285156
2023-03-09,92.25,231.53927612304688,408.2149963378906,37.25457763671875,91.88072204589844,142.1666259765625,123.13019561767578,180.83770751953125,34.65446472167969,129.17132568359375
2023-03-10,90.7300033569336,218.1346435546875,383.5237121582031,36.87826919555664,90.19876098632812,142.51446533203125,126.2571029663086,178.66793823242188,34.59298324584961,129.75772094726562
2023-03-13,92.43000030517578,215.91497802734375,385.7420349121094,37.98884201049805,90.67648315429688,143.87747192382812,123.9898681640625,180.05142211914062,35.0057487487793,130.65626525878906
2023-03-14,94.87999725341797,216.8470458984375,389.8394470214844,37.94295120239258,93.52287292480469,144.6858367919922,127.1734619140625,193.10987854003906,35.04087448120117,132.27362060546875
2023-03-15,96.19999694824219,208.76583862304688,378.2445373535156,38.401859283447266,95.6526870727539,145.09007263183594,121.16527557373047,196.82235717773438,35.37459945678711,134.14634704589844
2023-03-16,100.04000091552734,210.15916442871094,378.854736328125,38.6863899230957,99.8426513671875,144.7892608642578,123.51754760742188,203.9686737060547,35.453643798828125,135.14894104003906
2023-03-17,98.94999694824219,206.6038055419922,373.4205017089844,38.67721176147461,101.13646697998047,143.23825073242188,118.85079193115234,194.69241333007812,35.216514587402344,135.18675231933594
2023-03-20,97.70999908447266,211.69659423828125,382.1385803222656,38.38350296020508,100.73837280273438,144.65765380859375,120.10722351074219,196.88209533691406,35.840065002441406,137.26756286621094
2023-03-21,100.61000061035156,216.12637329101562,389.9750671386719,37.33718490600586,104.42076873779297,144.65765380859375,123.32859802246094,201.21168518066406,35.70833206176758,136.27442932128906
2023-03-22,98.69999694824219,211.3506622314453,382.5937805175781,36.41935729980469,102.8781509399414,141.98805236816406,120.14501190185547,198.87271118164062,35.137481689453125,136.18934631347656
2023-03-23,98.70999908447266,210.86062622070312,379.5715637207031,35.97880172729492,105.0975341796875,142.063232421875,119.82381439208984,203.32174682617188,35.28678512573242,136.00015258789062
2023-03-24,98.12999725341797,208.52561950683594,374.3891906738281,36.933345794677734,104.93830108642578,143.49203491210938,118.00057220458984,205.04360961914062,35.4712028503418,138.77142333984375
2023-03-27,98.04000091552734,209.4768829345703,380.6952209472656,37.190330505371094,101.97248077392578,144.1030731201172,121.38255310058594,201.88851928710938,35.3219108581543,138.0431365966797
2023-03-28,97.23999786376953,211.55247497558594,382.96197509765625,37.46568298339844,100.54928588867188,142.7118377685547,121.7509765625,199.73863220214844,35.11991500854492,138.43092346191406
2023-03-29,100.25,214.2814178466797,388.2314147949219,37.76856231689453,100.9075698852539,144.11245727539062,121.99659729003906,204.38673400878906,35.3482551574707,138.85655212402344
2023-03-30,102.0,215.76119995117188,392.27374267578125,38.043914794921875,100.40995025634766,144.22523498535156,121.62816619873047,206.86505126953125,35.46242141723633,139.4618682861328
2023-03-31,103.29000091552734,219.89306640625,401.19384765625,38.447757720947266,103.23643493652344,145.7010498046875,123.10187530517578,210.94581604003906,35.831275939941406,140.63470458984375
2023-04-03,102.41000366210938,220.88284301757812,403.2441101074219,38.37432861328125,103.86343383789062,147.44007873535156,122.96017456054688,212.07052612304688,36.314292907714844,141.4102783203125
2023-04-04,103.94999694824219,208.9484405517578,386.4046325683594,38.420223236083984,104.22171783447266,148.981689453125,121.31642150878906,213.71278381347656,35.919097900390625,142.09127807617188
2023-04-05,101.0999984741211,205.18167114257812,363.23944091796875,39.40229415893555,103.97291564941406,155.67453002929688,121.49732971191406,210.4879608154297,36.48994064331055,143.06546020507812
2023-04-06,102.05999755859375,200.9921417236328,359.1874694824219,39.5216064453125,107.90411376953125,155.2421417236328,121.36402130126953,215.08628845214844,36.44602584838867,143.97348022460938
2023-04-10,102.16999816894531,207.10350036621094,366.6500244140625,39.70517349243164,105.93354034423828,154.4619598388672,121.76390075683594,213.7426300048828,36.64801788330078,142.78173828125
2023-04-11,99.91999816894531,211.97523498535156,370.05096435546875,39.70517349243164,104.84872436523438,154.4149169921875,122.36373138427734,212.8468475341797,36.700706481933594,142.4979705810547
2023-04-12,97.83000183105469,211.87918090820312,373.51031494140625,39.539974212646484,104.14209747314453,154.0859375,122.34468078613281,212.9961395263672,36.33185958862305,142.88580322265625
2023-04-13,102.4000015258789,213.00343322753906,373.850341796875,39.365577697753906,106.9188232421875,156.14456176757812,122.81121826171875,219.3163604736328,36.419681549072266,143.54786682128906
2023-04-14,102.51000213623047,214.93482971191406,376.7945861816406,38.668033599853516,108.35197448730469,155.89073181152344,132.0846405029297,220.4510040283203,36.17378234863281,142.81954956054688
2023-04-17,102.73999786376953,216.43386840820312,380.3413391113281,39.16366195678711,105.46577453613281,155.73092651367188,133.13197326660156,217.83334350585938,36.16499328613281,142.8668670654297
2023-04-18,102.30000305175781,216.39540100097656,385.4621276855469,39.32886505126953,104.00276947021484,151.35049438476562,134.62677001953125,216.86790466308594,35.61172103881836,143.01820373535156
2023-04-19,104.30000305175781,215.86692810058594,381.65301513671875,39.503257751464844,103.68428802490234,152.77931213378906,134.4553680419922,214.6881561279297,35.33946990966797,143.0465850830078
2023-04-20,103.80999755859375,213.5800018310547,379.311279296875,39.46653747558594,104.78901672363281,153.7663116455078,134.06503295898438,212.07052612304688,34.99696731567383,143.57098388671875
2023-04-21,106.95999908447266,212.80706787109375,375.7548828125,39.66846466064453,104.908447265625,152.92970275878906,133.80795288085938,211.89134216308594,35.3131217956543,148.5391082763672
2023-04-24,106.20999908447266,215.8599853515625,377.05694580078125,39.87955856323242,105.46577453613281,153.8603057861328,133.98886108398438,211.79180908203125,35.04966354370117,148.80557250976562
2023-04-25,102.56999969482422,211.22262573242188,368.7294921875,40.026424407958984,103.3558578491211,155.27035522460938,131.07542419433594,206.576416015625,34.54029083251953,148.84364318847656
2023-04-26,104.9800033569336,208.8653106689453,364.0070495605469,39.27379608154297,103.2165298461914,152.86390686035156,128.75228881835938,208.417724609375,33.92554473876953,147.12100219726562
2023-04-27,109.81999969482422,207.0683135986328,361.3251647949219,39.264617919921875,107.07806396484375,153.2211151123047,130.48512268066406,237.44093322753906,34.02214431762695,148.91978454589844
2023-04-28,105.44999694824219,211.38685607910156,367.3205261230469,38.952552795410156,106.82925415039062,153.8791046142578,131.61813354492188,239.1927032470703,34.15388107299805,148.83412170410156
2023-05-01,102.05000305175781,209.90872192382812,371.30450439453125,39.631752014160156,106.6899185180664,153.78514099121094,134.4363555908203,242.03924560546875,34.43490982055664,149.01495361328125
2023-05-02,103.62999725341797,207.86053466796875,372.93695068359375,39.07187271118164,104.81886291503906,155.12933349609375,132.2655487060547,238.1177520751953,34.30317687988281,148.8817138671875
2023-05-03,103.6500015258789,208.3339385986328,371.40167236328125,38.85159683227539,104.908447265625,153.09890747070312,129.46636962890625,235.9181365966797,33.7674674987793,148.69137573242188
2023-05-04,104.0,203.25216674804688,363.0159606933594,39.06270217895508,104.1918716430664,152.40330505371094,127.69547271728516,232.42457580566406,33.574256896972656,148.00611877441406
2023-05-05,105.66000366210938,207.8025665283203,370.3036193847656,39.32886505126953,105.06768035888672,152.9202880859375,130.19000244140625,231.68804931640625,33.80259704589844,148.50100708007812
2023-05-08,105.83000183105469,207.5127410888672,369.4874267578125,39.25544357299805,107.2572021484375,152.57252502441406,130.50418090820312,232.17575073242188,33.96067428588867,147.80625915527344
2023-05-09,106.62000274658203,206.2567901611328,370.6437072753906,39.117767333984375,106.83920288085938,151.3881072998047,129.87579345703125,232.27528381347656,33.79380416870117,146.29296875
2023-05-10,110.19000244140625,205.94761657714844,369.62347412109375,39.39311599731445,111.21826934814453,151.95211791992188,129.94241333007812,231.9866485595703,33.63572311401367,146.59751892089844
2023-05-11,112.18000030517578,202.9139862060547,362.23858642578125,38.98927307128906,116.01534271240234,151.33168029785156,129.5330352783203,234.68392944335938,33.36053466796875,146.94015502929688
2023-05-12,110.26000213623047,202.44061279296875,363.3948669433594,38.64677429199219,116.95086669921875,151.13430786132812,127.67644500732422,232.71319580078125,33.1563606262207,148.43438720703125
2023-05-15,111.19999694824219,204.1313018798828,359.7315368652344,37.7303581237793,115.95562744140625,149.97808837890625,128.75228881835938,237.73951721191406,32.987693786621094,148.48196411132812
2023-05-16,113.4000015258789,200.1798858642578,352.41473388671875,36.44367218017578,118.94134521484375,149.7806854248047,127.88591003417969,237.69972229003906,32.85453796386719,148.22500610351562
2023-05-17,115.5,204.91387939453125,357.65216064453125,36.34185028076172,120.2650146484375,149.4517059326172,131.81805419921875,241.3524932861328,32.62372970581055,147.5968780517578
2023-05-18,118.1500015258789,207.4451141357422,360.0328063964844,36.46218490600586,122.24554443359375,148.97227478027344,132.81777954101562,245.6920623779297,32.38404846191406,145.16990661621094
2023-05-19,116.25,207.50308227539062,353.2601013183594,36.90650177001953,122.17588806152344,149.37649536132812,132.51309204101562,244.48773193359375,32.6414794921875,145.77902221679688
2023-05-22,115.01000213623047,207.0006866455078,350.2964782714844,37.1379280090332,124.45499420166016,148.57147216796875,131.41819763183594,247.1551513671875,34.399166107177734,141.96250915527344
2023-05-23,114.98999786376953,205.50323486328125,350.2770080566406,37.434146881103516,121.9768295288086,148.51463317871094,130.0471649169922,245.5825653076172,35.189239501953125,140.4302215576172
2023-05-24,116.75,202.59518432617188,344.05810546875,37.16570281982422,120.3247299194336,148.37255859375,128.85704040527344,248.04100036621094,34.292640686035156,139.2690887451172
2023-05-25,115.0,202.86570739746094,344.83551025390625,36.57326889038086,122.89246368408203,146.2415771484375,129.1712188720703,251.50465393066406,33.58246994018555,138.37442016601562
2023-05-26,120.11000061035156,204.62405395507812,347.0995178222656,36.46218490600586,124.01708984375,146.1847686767578,130.38038635253906,260.810791015625,33.3782844543457,138.38394165039062
2023-05-30,121.66000366210938,202.78842163085938,340.7057800292969,36.41590881347656,123.08155059814453,146.2036895751953,130.87548828125,261.2885437011719,32.85453796386719,136.2710723876953
2023-05-31,120.58000183105469,198.77902221679688,336.1874084472656,36.7028694152832,122.28535461425781,146.85720825195312,129.20933532714844,263.47821044921875,33.75113296508789,135.62387084960938
2023-06-01,122.7699966430664,201.98655700683594,342.59088134765625,36.54550552368164,123.13131713867188,146.36473083496094,130.98973083496094,271.3311767578125,33.75113296508789,137.01344299316406
2023-06-02,124.25,218.95159912109375,360.5672302246094,36.73989486694336,124.07679748535156,148.66616821289062,133.7413330078125,271.3311767578125,34.05295944213867,139.4499053955078
2023-06-05,125.30000305175781,214.93252563476562,353.35723876953125,37.008331298828125,125.41043090820312,149.9447479248047,132.42739868164062,270.1169128417969,34.310401916503906,138.89788818359375
2023-06-06,126.61000061035156,218.99989318847656,363.1130676269531,36.795433044433594,126.70423126220703,149.8121337890625,132.6654510498047,269.8482360839844,34.06184005737305,137.51785278320312
2023-06-07,121.2300033569336,227.56939697265625,371.0129699707031,37.34157943725586,121.91712188720703,150.1341552734375,133.95077514648438,262.36346435546875,34.52345275878906,137.81289672851562
2023-06-08,124.25,226.5066680908203,369.99267578125,37.14719009399414,121.55883026123047,151.7821044921875,133.98886108398438,263.3388977050781,34.700992584228516,139.37376403808594
2023-06-09,123.43000030517578,227.06700134277344,368.1465148925781,37.10090637207031,121.6484146118164,151.5453338623047,134.25543212890625,263.7071533203125,34.59446716308594,139.48800659179688
2023-06-12,126.56999969482422,229.8397674560547,376.1727294921875,36.943538665771484,123.05169677734375,151.441162109375,134.24591064453125,269.77850341796875,35.4200439453125,138.39344787597656
2023-06-13,126.66000366210938,237.1243133544922,386.9682312011719,36.841712951660156,123.24079895019531,152.2367401123047,135.21707153320312,270.0472717285156,35.757381439208984,138.0603485107422
2023-06-14,126.41999816894531,235.07611083984375,387.75531005859375,37.1379280090332,123.08155059814453,153.0133514404297,134.71246337890625,272.0677185058594,34.94068145751953,139.354736328125
2023-06-15,127.11000061035156,239.2787322998047,395.0138854980469,37.78590393066406,124.49479675292969,155.06854248046875,136.23580932617188,280.50799560546875,35.286888122558594,141.28675842285156
2023-06-16,125.48999786376953,236.96006774902344,396.0924377441406,38.14691162109375,122.94221496582031,155.54209899902344,136.3976593017578,279.681884765625,35.56208419799805,142.3241729736328
2023-06-20,125.77999877929688,232.97962951660156,396.4325866699219,37.71184539794922,122.51426696777344,155.44737243652344,135.70263671875,282.9962463378906,34.92292022705078,141.0107879638672
2023-06-21,124.83000183105469,233.29844665527344,404.798828125,37.86920928955078,119.97640228271484,155.2106170654297,135.502685546875,280.31890869140625,34.53233337402344,142.22898864746094
2023-06-22,130.14999389648438,229.29873657226562,403.92437744140625,37.52671813964844,122.56402587890625,156.85855102539062,132.89395141601562,283.5436706542969,34.38140869140625,142.71438598632812
2023-06-23,129.3300018310547,226.49697875976562,393.00250244140625,36.90650177001953,121.75787353515625,156.72596740722656,132.1989288330078,287.3755798339844,33.99969482421875,141.29629516601562
2023-06-26,127.33000183105469,228.92193603515625,398.58001708984375,37.55448532104492,117.77690124511719,154.97384643554688,132.5226287841797,277.1636962890625,32.748008728027344,141.4390411376953
2023-06-27,129.17999267578125,232.5352325439453,397.9192810058594,37.78590393066406,117.76696014404297,154.65182495117188,132.5321502685547,285.7034606933594,32.33077621459961,142.78102111816406
2023-06-28,129.0399932861328,233.6752471923828,393.73126220703125,37.110164642333984,119.60816192626953,154.33929443359375,131.9513702392578,283.9517517089844,32.21538162231445,142.7524871826172
2023-06-29,127.9000015258789,235.96493530273438,391.46990966796875,37.12866973876953,118.53329467773438,155.4189910888672,136.5595245361328,280.2093505859375,32.0644645690918,142.1719207763672
2023-06-30,130.36000061035156,237.71360778808594,394.93988037109375,37.71184539794922,119.13043975830078,156.76385498046875,138.47323608398438,285.6338195800781,32.56158447265625,144.41802978515625
2023-07-03,130.22000122070312,238.9502716064453,396.1972351074219,37.998802185058594,119.32949829101562,154.7086639404297,139.58718872070312,284.6783142089844,32.53495407104492,145.14134216308594
2023-07-05,130.3800048828125,236.53497314453125,394.42327880859375,38.3968391418457,121.17069244384766,154.19720458984375,138.6573028564453,292.9891052246094,32.36629104614258,144.89389038085938
2023-07-06,128.36000061035156,232.428955078125,391.0215759277344,38.00806427001953,119.53849029541016,153.05123901367188,137.28646850585938,290.6202697753906,31.62948226928711,144.6559600830078
2023-07-07,129.77999877929688,236.8730926513672,395.0276184082031,37.91549301147461,118.9114990234375,150.82553100585938,138.36972045898438,289.16717529296875,31.540712356567383,141.61988830566406
2023-07-10,127.12999725341797,240.38011169433594,396.79180908203125,37.93400955200195,115.89590454101562,151.07180786132812,139.14620971679688,292.7204284667969,31.67386817932129,141.677001953125
2023-07-11,128.77999877929688,244.28323364257812,403.3320617675781,38.609745025634766,116.58262634277344,150.23834228515625,141.32232666015625,296.8907470703125,31.975692749023438,140.93463134765625
2023-07-12,130.8000030517578,245.00782775878906,397.3571472167969,38.92448043823242,118.36410522460938,149.7174530029297,142.02210998535156,307.8888854980469,31.949064254760742,141.66746520996094
2023-07-13,134.3000030517578,247.19126892089844,399.1895751953125,39.04481506347656,123.94741821289062,150.40882873535156,142.7123565673828,311.9398193359375,32.011207580566406,141.7626190185547
2023-07-14,134.67999267578125,246.95936584472656,404.12158203125,38.89670944213867,124.8232192993164,151.41275024414062,143.5751190185547,307.4211120605469,32.24201202392578,142.8095703125
2023-07-17,133.55999755859375,248.73704528808594,409.9600524902344,38.67454147338867,124.05690002441406,150.65509033203125,147.0358123779297,309.16290283203125,31.83365821838379,141.8007354736328
2023-07-18,132.8300018310547,254.8719024658203,420.6427917480469,38.211708068847656,123.17112731933594,150.64561462402344,147.30422973632812,310.586181640625,32.170989990234375,142.0672149658203
2023-07-19,135.36000061035156,255.1049346923828,425.13616943359375,38.42461013793945,121.44935607910156,150.342529296875,147.86981201171875,314.52764892578125,32.34852981567383,143.03799438476562
2023-07-20,129.9600067138672,253.4932403564453,428.50860595703125,38.887447357177734,118.6328125,159.4725799560547,149.6912078857422,301.1008605957031,32.6414794921875,144.1977996826172
2023-07-21,130.0,250.15330505371094,425.8769226074219,39.38731384277344,119.44892120361328,161.18682861328125,148.54086303710938,292.8796691894531,33.200748443603516,146.4676513671875
2023-07-24,128.8000030517578,251.8232879638672,431.393798828125,39.64649963378906,120.95173645019531,162.0297393798828,151.46469116210938,290.2420654296875,33.298397064208984,146.9369659423828
2023-07-25,129.1300048828125,254.4349822998047,435.0391540527344,39.82238006591797,121.62850189208984,163.2704315185547,150.33351135253906,293.0886535644531,32.89892578125,147.28175354003906
2023-07-26,128.14999389648438,250.8038330078125,421.9976501464844,39.98899841308594,128.6549072265625,163.5829620361328,151.23460388183594,297.16943359375,33.032081604003906,147.43499755859375
2023-07-27,128.25,250.78439331054688,417.7771301269531,38.841163635253906,128.78428649902344,164.5016632080078,149.56658935546875,310.2477722167969,32.49351119995117,145.6823272705078
2023-07-28,132.2100067138672,252.85240173339844,416.30535888671875,38.600494384765625,131.94915771484375,165.24986267089844,150.41978454589844,323.9532165527344,32.37682342529297,149.8006134033203
2023-07-31,133.67999267578125,257.45452880859375,418.7323913574219,38.748600006103516,132.0885009765625,158.66751098632812,151.4263458251953,317.1054992675781,32.36785125732422,149.6952667236328
2023-08-01,131.69000244140625,280.2513122558594,422.4751892089844,38.3875846862793,130.92405700683594,159.95559692382812,150.67861938476562,321.1961669921875,31.96392250061035,149.6473846435547
2023-08-02,128.2100067138672,279.2027587890625,419.6388244628906,38.41535568237305,127.7691421508789,160.921630859375,148.9722442626953,312.8356018066406,31.73054313659668,149.97299194335938
2023-08-03,128.91000366210938,273.2608337402344,413.2155456542969,37.48968505859375,127.83879852294922,161.6129913330078,149.88296508789062,311.7208557128906,31.416378021240234,150.36570739746094
2023-08-04,139.57000732421875,268.3966064453125,413.31304931640625,36.952796936035156,127.50041961669922,160.09762573242188,149.56658935546875,309.27239990234375,31.4343318939209,148.71835327148438
2023-08-07,142.22000122070312,273.4549560546875,420.3990783691406,36.99907684326172,130.90415954589844,163.94288635253906,150.2760009765625,315.0750427246094,32.02675247192383,150.2890625
2023-08-08,139.94000244140625,274.65899658203125,419.57061767578125,37.10090637207031,130.77474975585938,164.0186309814453,149.43238830566406,311.1734313964844,31.99085235595703,150.45187377929688
2023-08-09,137.85000610351562,276.2511901855469,425.0581970214844,37.258270263671875,129.0430450439453,163.91444396972656,147.42884826660156,303.7782897949219,32.170372009277344,150.26031494140625
2023-08-10,138.55999755859375,275.56182861328125,423.57666015625,37.202728271484375,129.0729217529297,163.0620574951172,147.20834350585938,304.30584716796875,32.06265640258789,149.51327514648438
2023-08-11,138.41000366210938,276.921142578125,424.06402587890625,37.49894332885742,128.9435272216797,164.6531982421875,148.06153869628906,300.22509765625,32.34990310668945,150.3848419189453
2023-08-14,140.57000732421875,276.26092529296875,426.5689697265625,37.433570861816406,130.70510864257812,164.264892578125,148.36830139160156,304.75372314453125,32.37682342529297,149.20680236816406
2023-08-15,137.6699981689453,269.2995300292969,420.7597351074219,36.97591781616211,129.1624755859375,163.7913360595703,144.5912628173828,300.5335693359375,31.766450881958008,148.2490692138672
2023-08-16,135.07000732421875,266.52276611328125,413.2155456542969,37.181392669677734,128.08761596679688,163.2704315185547,143.9777374267578,292.9095153808594,31.847232818603516,146.73583984375
2023-08-17,133.97999572753906,267.1635437011719,408.5565185546875,37.32148742675781,129.30181884765625,164.80470275878906,142.48226928710938,283.752685546875,32.77177047729492,145.6823272705078
2023-08-18,133.22000122070312,265.8333740234375,386.9765319824219,37.36817932128906,126.853515625,163.36514282226562,142.80821228027344,281.9212951660156,32.90641403198242,146.09413146972656
2023-08-21,134.67999267578125,264.8139343261719,380.9041442871094,37.11601257324219,127.7591781616211,158.49705505371094,143.297119140625,288.54010009765625,33.2205810546875,145.35665893554688
2023-08-22,134.25,262.3381042480469,375.4653015136719,37.358848571777344,128.4658203125,157.23741149902344,140.32534790039062,286.2509460449219,33.06798553466797,145.41415405273438
2023-08-23,135.52000427246094,265.0858154296875,384.3058776855469,37.59233856201172,131.7401580810547,155.8262176513672,141.2743682861328,292.8597106933594,32.90641403198242,146.77413940429688
2023-08-24,131.83999633789062,261.4643249511719,376.8591613769531,37.433570861816406,129.1624755859375,156.3566131591797,141.14016723632812,285.4048767089844,32.45760726928711,146.09413146972656
2023-08-25,133.25999450683594,264.62945556640625,380.33880615234375,37.6390380859375,129.2620086669922,158.5984344482422,140.96762084960938,284.1607360839844,32.65507888793945,147.05189514160156
2023-08-28,133.13999938964844,266.79461669921875,384.70550537109375,37.59233856201172,130.38662719726562,156.72865295410156,141.45652770996094,288.8984375,32.50249099731445,147.28175354003906
2023-08-29,134.91000366210938,271.8821716308594,393.8774719238281,37.82583236694336,133.9296875,156.74771118164062,142.60687255859375,296.5921630859375,32.448631286621094,147.36795043945312
2023-08-30,135.07000732421875,274.1152038574219,402.8154602050781,37.7511100769043,135.2334747314453,156.19444274902344,142.03170776367188,293.7157287597656,32.2242317199707,147.53074645996094
2023-08-31,138.00999450683594,272.9501647949219,400.5444030761719,37.47092056274414,135.52206420898438,154.23878479003906,140.27740478515625,294.5020446777344,31.75747299194336,147.81808471679688
2023-09-01,138.1199951171875,277.9211730957031,408.30303955078125,37.34950256347656,135.01449584960938,153.093994140625,140.7471466064453,294.98974609375,32.11651611328125,147.98089599609375
2023-09-05,137.27000427246094,273.43560791015625,403.94610595703125,36.90119552612305,135.1239776611328,153.2847900390625,139.1941375732422,298.7420349121094,31.75747299194336,145.9983673095703
2023-09-06,135.36000061035156,274.66864013671875,403.8096618652344,37.228084564208984,133.82022094726562,150.73770141601562,138.9640655517578,297.7666931152344,30.850881576538086,145.71102905273438
2023-09-07,137.85000610351562,273.24139404296875,401.3144226074219,37.89120864868164,134.6163787841797,152.66473388671875,137.775390625,297.26898193359375,30.77010154724121,147.09976196289062
2023-09-08,138.22999572753906,274.0666809082031,389.5498046875,37.90055465698242,135.73106384277344,153.17030334472656,137.88079833984375,296.4926452636719,30.7431697845459,146.4676513671875
2023-09-11,143.10000610351562,273.8433532714844,390.24176025390625,37.90055465698242,136.2685089111328,155.17367553710938,138.4847869873047,306.1172790527344,30.46491050720215,148.2107696533203
2023-09-12,141.22999572753906,273.6103515625,392.0840148925781,37.88187026977539,134.6959991455078,156.0513153076172,140.28701782226562,300.24493408203125,30.653409957885742,145.605712890625
2023-09-13,144.85000610351562,267.8916931152344,392.0547790527344,38.41423797607422,136.0595245361328,156.4424591064453,140.35411071777344,303.6289978027344,30.590578079223633,146.6208953857422
2023-09-14,144.72000122070312,274.3385009765625,401.26568603515625,39.077354431152344,137.44288635253906,156.2039794921875,143.07662963867188,310.25775146484375,30.653409957885742,148.22991943359375
2023-09-15,140.38999938964844,271.0277404785156,401.6847839355469,38.89990234375,136.74623107910156,154.0193634033203,142.6548309326172,298.9012756347656,30.58159828186035,146.98484802246094
2023-09-18,139.97999572753906,272.7656555175781,400.44696044921875,38.75046920776367,137.55238342285156,154.992431640625,142.95199584960938,301.1307373046875,30.195627212524414,147.5403289794922
2023-09-19,137.6300048828125,271.5326232910156,388.60430908203125,38.35819625854492,137.3831787109375,154.73484802246094,142.7698516845703,303.6389465332031,30.509796142578125,147.10935974121094
2023-09-20,135.2899932861328,270.5034484863281,392.1522216796875,38.1340446472168,133.1036376953125,155.41217041015625,142.1659393310547,298.2642517089844,30.177677154541016,146.98484802246094
2023-09-21,129.3300018310547,264.1148986816406,377.8338317871094,37.78846740722656,129.81935119628906,154.21969604492188,141.0539093017578,294.3427734375,29.486513137817383,145.71102905273438
2023-09-22,129.1199951171875,265.1148986816406,371.235107421875,37.55498123168945,129.6302490234375,153.1130828857422,139.7022247314453,297.677001953125,29.3428955078125,145.17471313476562
2023-09-25,131.27000427246094,266.2896728515625,374.6660461425781,37.6390380859375,130.48614501953125,152.88414001464844,140.3924560546875,299.4188232421875,29.60320472717285,144.29359436035156
2023-09-26,125.9800033569336,261.677978515625,370.0264587402344,36.56497573852539,127.958251953125,151.70118713378906,138.935302734375,297.5575866699219,29.082592010498047,143.01023864746094
2023-09-27,125.9800033569336,264.7751159667969,374.6368103027344,36.23808288574219,129.91885375976562,149.8791046142578,139.75013732910156,296.3432922363281,28.813304901123047,141.11386108398438
2023-09-28,125.9800033569336,268.20245361328125,376.3191833496094,35.37882614135742,131.68043518066406,149.65969848632812,141.48529052734375,302.53411865234375,28.804332733154297,140.15614318847656
2023-09-29,127.12000274658203,265.05670166015625,369.1298522949219,35.29477310180664,130.23733520507812,148.58169555664062,139.02159118652344,298.8017272949219,29.773752212524414,139.69642639160156
2023-10-02,129.4600067138672,263.8139343261719,365.6672668457031,34.192684173583984,133.53158569335938,148.00929260253906,137.8232879638672,305.3807373046875,30.46491050720215,139.0547332763672
2023-10-03,124.72000122070312,261.14398193359375,364.6304626464844,34.60363006591797,131.79986572265625,148.19056701660156,136.80714416503906,299.5282897949219,30.42901039123535,139.34205627441406
2023-10-04,127.0,257.3185729980469,368.7581787109375,34.939857482910156,134.5965118408203,148.36228942871094,137.42066955566406,304.14654541015625,29.8994197845459,139.80177307128906
2023-10-05,125.95999908447266,253.21163940429688,367.47686767578125,34.939857482910156,134.4273223876953,149.90774536132812,138.00009155273438,303.3602600097656,30.04303741455078,137.7234649658203
2023-10-06,127.95999908447266,258.2992248535156,370.2645568847656,35.56562423706055,136.92535400390625,150.38473510742188,140.12466430664062,313.9503479003906,29.73784637451172,138.001220703125
2023-10-09,128.25999450683594,263.4061279296875,374.568359375,36.144683837890625,137.7613525390625,151.24327087402344,139.8059844970703,316.8666076660156,29.800678253173828,137.30206298828125
2023-10-10,129.47999572753906,265.26055908203125,382.29559326171875,36.68638610839844,137.403076171875,151.07159423828125,140.65579223632812,320.33026123046875,29.773752212524414,138.6620635986328
2023-10-11,131.8300018310547,264.89166259765625,380.8479919433594,37.39620590209961,139.88124084472656,148.99191284179688,141.13865661621094,326.2822570800781,29.719892501831055,136.95726013183594
2023-10-12,132.3300018310547,261.7652893066406,373.92279052734375,37.200077056884766,138.3087615966797,149.135009765625,140.810302734375,322.639404296875,29.549348831176758,137.26376342773438
2023-10-13,129.7899932861328,260.1438903808594,372.33819580078125,37.31214904785156,136.7064208984375,149.63107299804688,142.92523193359375,313.21380615234375,28.822282791137695,138.5758514404297
2023-10-16,132.5500030517578,262.9110107421875,382.0022277832031,37.51762008666992,138.43812561035156,150.27978515625,142.78038024902344,319.64349365234375,29.86351203918457,139.89756774902344
2023-10-17,131.47000122070312,264.71685791015625,382.5694885253906,37.41489028930664,139.05519104003906,148.90603637695312,142.47132873535156,322.4801330566406,29.39675521850586,140.07949829101562
2023-10-18,128.1300048828125,251.67762756347656,373.8738708496094,37.2747917175293,137.30357360839844,145.70068359375,140.90689086914062,315.48309326171875,28.19395637512207,143.69021606445312
2023-10-19,128.39999389648438,245.53182983398438,373.0326843261719,37.1440315246582,137.0945587158203,145.30958557128906,140.30812072753906,311.3426513671875,27.996482849121094,142.881591796875
2023-10-20,125.16999816894531,243.19935607910156,366.9486389160156,36.70507049560547,134.95480346679688,145.95826721191406,138.0483856201172,307.2021179199219,27.51177215576172,142.6888427734375
2023-10-23,126.55999755859375,241.36465454101562,365.1097412109375,35.8644905090332,135.85049438476562,144.42234802246094,136.1652374267578,312.5370178222656,27.68231964111328,142.78521728515625
2023-10-24,128.55999755859375,243.5409393310547,365.4031677246094,36.29412078857422,138.14950561523438,144.2697296142578,136.3294219970703,311.0838623046875,27.31429672241211,144.4718475341797
2023-10-25,121.38999938964844,239.0419464111328,363.77947998046875,36.42488098144531,125.0123291015625,144.59410095214844,135.5858154296875,298.1249084472656,27.583581924438477,145.14649963378906
2023-10-26,119.56999969482422,236.59239196777344,361.4612731933594,36.56497573852539,121.69816589355469,142.14234924316406,135.93348693847656,286.9973449707031,27.969552993774414,144.37547302246094
2023-10-27,127.73999786376953,232.8155975341797,353.25469970703125,35.892513275146484,121.58869171142578,138.8988494873047,131.03733825683594,295.3381042480469,27.027063369750977,141.83108520507812
2023-10-30,132.7100067138672,236.32888793945312,359.75927734375,35.91119384765625,123.8677978515625,140.26304626464844,132.70802307128906,301.240234375,27.42201042175293,143.85501098632812
2023-10-31,133.08999633789062,220.6068115234375,357.3726501464844,36.368839263916016,123.48960876464844,141.5127410888672,134.29177856445312,299.8567810058594,27.430986404418945,144.59713745117188
2023-11-01,137.0,226.2476348876953,362.3709716796875,36.91987609863281,125.84832763671875,141.84664916992188,134.17588806152344,310.38714599609375,27.3861083984375,144.1923370361328
2023-11-02,138.07000732421875,233.36209106445312,365.39337158203125,38.012630462646484,126.88337707519531,143.32530212402344,136.57083129882812,309.4117431640625,27.37713050842285,145.95608520507812
2023-11-03,138.60000610351562,234.95285034179688,373.84454345703125,37.88187026977539,128.4857177734375,144.37466430664062,138.0966796875,313.124267578125,28.059314727783203,144.6356964111328
2023-11-06,139.74000549316406,232.5423126220703,369.98089599609375,37.37752914428711,129.6302490234375,144.7180938720703,139.1396484375,314.318603515625,27.987506866455078,145.47418212890625
2023-11-07,142.7100067138672,229.2632293701172,361.1678771972656,37.11601257324219,130.34683227539062,143.95492553710938,139.07203674316406,317.324462890625,28.05034065246582,145.13685607910156
2023-11-08,142.0800018310547,229.16563415527344,361.2950439453125,36.966583251953125,131.21266174316406,143.43023681640625,139.7576904296875,318.27996826171875,27.664365768432617,144.57785034179688
2023-11-09,140.60000610351562,228.5117645263672,361.5395202636719,36.65836715698242,129.62030029296875,140.6350860595703,139.34243774414062,319.04632568359375,27.000276565551758,144.90554809570312
2023-11-10,143.55999755859375,233.90859985351562,365.8139953613281,36.826480865478516,131.9591064453125,140.472900390625,141.40904235839844,327.2277526855469,26.81833267211914,145.92718505859375
2023-11-13,142.58999633789062,235.85067749023438,361.67645263671875,36.23808288574219,131.46148681640625,140.83541870117188,140.7813262939453,327.64581298828125,26.363473892211914,146.93914794921875
2023-11-14,145.8000030517578,241.89166259765625,366.76275634765625,37.322208404541016,132.9842071533203,140.86404418945312,143.35012817382812,334.732421875,26.618194580078125,146.6114501953125
2023-11-15,143.1999969482422,245.04383850097656,372.5435791015625,37.397621154785156,133.9794464111328,141.95156860351562,144.60557556152344,331.1492919921875,27.4642276763916,145.93682861328125
2023-11-16,142.8300018310547,242.2332305908203,370.2840881347656,37.218509674072266,136.27845764160156,143.19174194335938,146.25692749023438,332.6223449707031,27.082151412963867,147.29576110839844
2023-11-17,145.17999267578125,246.9761962890625,375.75189208984375,36.71886444091797,134.66616821289062,142.89599609375,147.57994079589844,333.4683837890625,27.218608856201172,145.59950256347656
2023-11-20,146.1300048828125,244.4192657470703,372.015380859375,36.84142303466797,135.60169982910156,144.15573120117188,148.03384399414062,338.375244140625,27.2731876373291,144.8284454345703
2023-11-21,143.89999389648438,243.40431213378906,374.28466796875,36.65287780761719,136.31826782226562,145.31927490234375,147.72482299804688,335.3992919921875,27.564294815063477,144.1923370361328
2023-11-22,146.7100067138672,240.086181640625,362.6546325683594,36.63401794433594,137.83103942871094,145.0308074951172,148.0724639892578,339.8880615234375,27.582490921020508,145.55128479003906
2023-11-24,146.74000549316406,241.4036865234375,362.0970458984375,36.94511795043945,136.0395965576172,146.64633178710938,148.27525329589844,336.6434020996094,27.746238708496094,145.89825439453125
2023-11-27,147.72999572753906,241.43295288085938,354.29150390625,36.897987365722656,135.7609405517578,145.47314453125,147.93727111816406,333.1299743652344,27.418743133544922,145.76333618164062
2023-11-28,147.02999877929688,241.54029846191406,352.1493835449219,36.916839599609375,136.54718017578125,145.80970764160156,148.27525329589844,337.3998107910156,27.009370803833008,146.77528381347656
2023-11-29,146.32000732421875,243.44334411621094,355.98370361328125,36.190940856933594,134.3477020263672,146.27127075195312,149.02850341796875,330.6416931152344,27.364158630371094,145.6573028564453
2023-11-30,146.08999633789062,244.68276977539062,356.44342041015625,36.30406951904297,131.89939880371094,148.72340393066406,150.72817993164062,325.6153869628906,27.718948364257812,147.9607696533203
2023-12-01,147.02999877929688,250.5773468017578,360.7472229003906,36.75657653808594,131.23257446289062,152.3006134033203,151.4621124267578,323.2962951660156,26.299795150756836,147.1319122314453
2023-12-04,144.83999633789062,248.61573791503906,360.8646240234375,36.511470794677734,128.6549072265625,152.7814178466797,152.57266235351562,318.5188293457031,26.636390686035156,146.5536346435547
2023-12-05,146.8800048828125,249.04513549804688,353.24493408203125,36.29464340209961,130.36672973632812,152.46409606933594,152.55337524414062,316.7969665527344,26.463542938232422,141.44552612304688
2023-12-06,144.52000427246094,249.8063507080078,357.5487365722656,37.15251541137695,129.40133666992188,150.608154296875,150.9502716064453,315.96087646484375,26.190631866455078,141.3395233154297
2023-12-07,146.8800048828125,251.21170043945312,353.3232116699219,37.08652877807617,136.27845764160156,149.4349822998047,151.413818359375,325.0579833984375,26.04507827758789,141.1949462890625
2023-12-08,147.4199981689453,253.25132751464844,355.7196350097656,36.96397399902344,134.3477020263672,148.4925994873047,153.08450317382812,331.1890869140625,26.181535720825195,139.89382934570312
2023-12-11,145.88999938964844,254.63719177246094,353.1373291015625,37.25621795654297,132.65576171875,149.10804748535156,153.64462280273438,323.754150390625,26.05417251586914,140.53961181640625
2023-12-12,147.47999572753906,255.13485717773438,351.533203125,37.1807975769043,131.88943481445312,149.11766052246094,155.01593017578125,332.6522216796875,25.999589920043945,140.65524291992188
2023-12-13,148.83999633789062,261.51739501953125,368.76800537109375,38.65143585205078,131.93922424316406,149.8100128173828,155.53741455078125,333.1697692871094,24.252944946289062,143.19964599609375
2023-12-14,147.4199981689453,278.30322265625,379.9284973144531,35.7290153503418,131.31219482421875,150.8485565185547,158.36697387695312,331.6071472167969,23.770795822143555,139.42160034179688
2023-12-15,149.97000122070312,278.8595275878906,377.62994384765625,33.45706558227539,131.96905517578125,149.20420837402344,159.56442260742188,333.3489074707031,24.225650787353516,138.7469482421875
2023-12-18,154.07000732421875,278.8302307128906,374.39227294921875,32.47663497924805,135.1538543701172,149.4734649658203,160.5301513671875,343.00341796875,24.61682891845703,140.87689208984375
2023-12-19,153.7899932861328,285.9056396484375,385.327880859375,33.381649017333984,135.99978637695312,150.45431518554688,162.6739959716797,348.7165222167969,25.617511749267578,140.87689208984375
2023-12-20,152.1199951171875,282.7339172363281,378.7939147949219,32.81601333618164,137.68173217773438,147.38673400878906,160.83917236328125,347.64154052734375,25.13536262512207,138.69876098632812
2023-12-21,153.83999633789062,283.085205078125,384.7409362792969,33.06112289428711,139.75184631347656,148.896484375,161.756591796875,352.4289855957031,25.75396728515625,139.0360870361328
2023-12-22,153.4199981689453,283.36822509765625,388.1448974609375,33.240234375,140.8167724609375,149.49269104003906,161.66001892089844,351.7322998046875,25.83584213256836,140.01913452148438
2023-12-26,153.41000366210938,288.5113525390625,392.4976501464844,33.494773864746094,140.84661865234375,150.14659118652344,162.61605834960938,353.16552734375,25.844940185546875,140.65524291992188
2023-12-27,153.33999633789062,290.9413757324219,392.85955810546875,33.381649017333984,139.70208740234375,150.34854125976562,163.59144592285156,356.15142822265625,26.026884078979492,140.77090454101562
2023-12-28,153.3800048828125,289.7312316894531,391.9661865234375,33.796443939208984,139.562744140625,150.5697021484375,164.46060180664062,356.63916015625,26.190631866455078,140.45285034179688
2023-12-29,151.94000244140625,288.5503845214844,392.56500244140625,33.84357833862305,139.02532958984375,150.7235565185547,164.26742553710938,352.2995910644531,26.190631866455078,141.23350524902344
2024-01-02,149.92999267578125,285.6617126464844,393.5860290527344,34.38093185424805,137.51255798339844,153.82957458496094,166.17955017089844,344.6656188964844,27.045761108398438,143.35386657714844
2024-01-03,148.47000122070312,277.45416259765625,386.1641540527344,34.107540130615234,138.25900268554688,154.79119873046875,165.45526123046875,342.8541259765625,27.045761108398438,142.48643493652344
2024-01-04,144.57000732421875,279.2108154296875,385.2216796875,33.956703186035156,135.74102783203125,154.46424865722656,166.55323791503906,345.49169921875,26.463542938232422,143.26708984375
2024-01-05,145.24000549316406,281.9726867675781,388.7264404296875,34.2300910949707,135.08416748046875,154.94505310058594,167.38888549804688,350.2990417480469,26.809234619140625,142.08164978027344
2024-01-08,149.10000610351562,285.2127380371094,390.70953369140625,34.588321685791016,138.17938232421875,155.32969665527344,167.14596557617188,356.97760009765625,26.909305572509766,143.30567932128906
2024-01-09,151.3699951171875,285.25177001953125,386.0364990234375,34.35264587402344,140.27932739257812,155.4258575439453,165.8245086669922,355.7533264160156,26.745553970336914,143.89356994628906
2024-01-10,153.72999572753906,286.2862854003906,386.51751708984375,34.54119110107422,141.60299682617188,155.65664672851562,166.17430114746094,368.7321472167969,26.372570037841797,144.51039123535156
2024-01-11,155.17999267578125,285.02734375,383.09130859375,34.13581848144531,141.40396118164062,154.96426391601562,165.47470092773438,367.9359130859375,25.83584213256836,145.05975341796875
2024-01-12,154.6199951171875,283.41705322265625,379.4490966796875,34.00383377075195,141.97122192382812,156.15667724609375,164.26011657714844,372.7333068847656,26.10875701904297,145.14649963378906
2024-01-16,153.16000366210938,280.3135986328125,378.310302734375,33.655029296875,141.81199645996094,154.3584442138672,163.23016357421875,365.73626708984375,25.763065338134766,144.36582946777344
2024-01-17,151.7100067138672,271.9206848144531,371.69342041015625,33.55133056640625,140.79685974121094,154.2718963623047,162.3556365966797,366.6419982910156,25.608413696289062,144.51039123535156
2024-01-18,153.5,275.1119689941406,374.4226379394531,33.27794647216797,142.7972869873047,155.02198791503906,162.67628479003906,374.3656311035156,25.5538330078125,143.67727661132812
2024-01-19,155.33999633789062,279.700439453125,375.7283020019531,33.032840728759766,145.68350219726562,155.4739227294922,165.48440551757812,381.6512756347656,25.72667694091797,143.1244659423828
2024-01-22,154.77999877929688,283.0242004394531,377.56414794921875,32.86315155029297,145.29534912109375,156.23361206054688,165.29006958007812,379.98907470703125,25.75396728515625,143.40570068359375
2024-01-23,156.02000427246094,283.1810302734375,380.3817138671875,32.75944900512695,146.34036254882812,153.67572021484375,164.2018280029297,383.3930969238281,25.863134384155273,149.34133911132812
2024-01-24,156.8699951171875,284.9948425292969,381.3143615722656,32.12783432006836,147.99246215820312,152.8583526611328,165.6690216064453,388.8672790527344,25.772165298461914,147.53736877441406
2024-01-25,157.75,294.887451171875,385.83038330078125,32.90085983276367,151.14736938476562,153.435302734375,168.03988647460938,391.33563232421875,25.36586570739746,150.9319305419922
2024-01-26,159.1199951171875,293.5736999511719,386.42919921875,33.004554748535156,151.46585083007812,153.3776092529297,167.3986053466797,392.2911376953125,25.36586570739746,151.43626403808594
2024-01-29,161.25999450683594,297.3189697265625,390.4150085449219,33.26852035522461,152.77955627441406,153.24298095703125,167.83584594726562,399.1388244628906,25.375099182128906,151.45567321777344
2024-01-30,159.0,298.7994384765625,389.6787414550781,33.042266845703125,150.7393341064453,152.67564392089844,171.2755584716797,398.183349609375,24.950336456298828,152.74559020996094
2024-01-31,155.1999969482422,294.43646240234375,386.38995361328125,32.81601333618164,139.43338012695312,152.80062866210938,169.41966247558594,388.30987548828125,25.0057373046875,152.4061279296875
2024-02-01,159.27999877929688,301.6721496582031,386.4880676269531,33.01398849487305,140.48834228515625,152.28138732910156,168.80751037597656,392.9281005859375,25.19965362548828,154.3846893310547
2024-02-02,171.80999755859375,308.9273986816406,385.4278564453125,32.382362365722656,141.70254516601562,150.5985565185547,169.77919006347656,472.7618713378906,24.867229461669922,153.32752990722656
2024-02-05,170.30999755859375,315.1139831542969,378.9778747558594,31.69417953491211,142.996337890625,149.81964111328125,169.55569458007812,457.2549743652344,24.53480339050293,153.4439239501953
2024-02-06,169.14999389648438,316.4081726074219,381.7954406738281,31.967561721801758,143.4143524169922,151.99288940429688,170.13868713378906,452.5869445800781,25.393566131591797,154.17132568359375
2024-02-07,170.52999877929688,317.2611389160156,378.8993225097656,32.14668273925781,144.8474884033203,151.91595458984375,170.45933532714844,467.38720703125,25.448970794677734,154.32650756835938
2024-02-08,169.83999633789062,315.7023010253906,378.781494140625,31.816736221313477,145.21572875976562,150.3966064453125,169.84719848632812,467.7952575683594,25.458206176757812,153.8609619140625
2024-02-09,174.4499969482422,310.9569396972656,374.324462890625,31.901575088500977,148.29103088378906,150.74276733398438,170.05123901367188,465.91412353515625,25.448970794677734,152.67771911621094
2024-02-12,172.33999633789062,315.3395080566406,382.2765197753906,32.41064453125,146.82803344726562,151.7909698486328,170.80914306640625,466.700439453125,25.54131317138672,152.37704467773438
2024-02-13,168.63999938964844,306.7214050292969,372.3413391113281,32.23153305053711,144.4493865966797,150.4639129638672,169.32249450683594,457.96160888671875,24.904165267944336,151.56236267089844
2024-02-14,170.97999572753906,310.51568603515625,377.750732421875,32.16554260253906,145.24559020996094,149.76193237304688,171.04232788085938,471.0599060058594,25.0334415435791,150.94163513183594
2024-02-15,169.8000030517578,316.7513427734375,357.99822998046875,32.86315155029297,142.09066772460938,151.85826110839844,174.77354431152344,481.75946044921875,25.402803421020508,152.28005981445312
2024-02-16,169.50999450683594,315.614013671875,354.0909729003906,32.91028594970703,139.85137939453125,151.68385314941406,173.95733642578125,471.0997009277344,25.504375457763672,152.76498413085938
2024-02-20,167.0800018310547,307.6038513183594,350.85125732421875,32.740596771240234,140.44851684570312,152.95314025878906,174.6374969482422,469.5370788574219,25.476675033569336,153.73486328125
2024-02-21,168.58999633789062,310.93731689453125,350.76287841796875,34.13581848144531,141.87171936035156,153.7476348876953,175.77435302734375,466.3287658691406,25.550548553466797,155.5679168701172
2024-02-22,174.5800018310547,315.7904968261719,350.2621765136719,33.966129302978516,143.4043731689453,155.46261596679688,177.88287353515625,484.3630065917969,25.439739227294922,155.72311401367188
2024-02-23,174.99000549316406,317.54547119140625,357.99822998046875,34.060401916503906,143.2750244140625,156.80943298339844,178.7768096923828,482.2706298828125,25.63365364074707,156.17893981933594
2024-02-26,174.72999572753906,319.0161437988281,356.57476806640625,33.58904266357422,136.91542053222656,155.7920684814453,178.16464233398438,479.9889221191406,25.098079681396484,155.39337158203125
2024-02-27,173.5399932861328,321.2221374511719,354.0712890625,34.13581848144531,138.2191925048828,155.97616577148438,178.25210571289062,485.27960205078125,24.830291748046875,154.50106811523438
2024-02-28,173.16000366210938,323.1144104003906,358.1455078125,33.74930953979492,135.73106384277344,156.52845764160156,179.15577697753906,482.2606201171875,24.96880531311035,155.22848510742188
2024-02-29,176.75999450683594,327.4283447265625,358.381103515625,33.787017822265625,137.80117797851562,156.36373901367188,180.78814697265625,488.34844970703125,24.52556800842285,154.1519317626953
2024-03-01,178.22000122070312,330.1147766113281,361.1299743652344,33.81559753417969,136.48744201660156,157.08071899414062,180.0399627685547,500.47418212890625,24.553272247314453,154.0646209716797
2024-03-04,177.5800018310547,332.0265808105469,357.7626647949219,34.492103576660156,132.7154998779297,154.87159729003906,181.39056396484375,496.379150390625,23.906890869140625,154.75323486328125
2024-03-05,174.1199951171875,327.0067443847656,360.03045654296875,34.55879592895508,132.03872680664062,154.99755859375,183.20761108398438,488.4381103515625,24.08233642578125,154.52047729492188
2024-03-06,173.50999450683594,329.0657043457031,359.9322509765625,34.93992233276367,130.77474975585938,154.38714599609375,184.1598358154297,494.2867736816406,25.107315063476562,154.762939453125
2024-03-07,176.82000732421875,333.56591796875,368.4635009765625,35.092376708984375,133.7406005859375,153.93174743652344,182.54685974121094,510.3282470703125,24.73795509338379,155.7812957763672
2024-03-08,175.35000610351562,332.5560607910156,367.2657775878906,35.216243743896484,134.76568603515625,154.56155395507812,182.88694763183594,504.1109619140625,25.1350154876709,155.5194549560547
2024-03-11,171.9600067138672,328.4185791015625,368.19842529296875,35.43539047241211,137.0149383544922,156.2183837890625,182.95494079589844,481.8321838378906,26.19692611694336,156.6833038330078
2024-03-12,175.38999938964844,330.6441650390625,365.8423156738281,35.263885498046875,137.84097290039062,157.68145751953125,184.46104431152344,497.9335021972656,25.864503860473633,157.05184936523438
2024-03-13,176.55999755859375,334.8404846191406,371.92901611328125,35.24483108520508,139.1248321533203,156.09243774414062,185.95742797851562,493.7686767578125,26.05841636657715,157.4107208251953
2024-03-14,178.75,335.232666015625,373.2838134765625,34.844642639160156,142.4191131591797,154.26119995117188,182.64402770996094,490.042236328125,25.975311279296875,156.63479614257812
2024-03-15,174.4199981689453,340.1838684082031,376.3860778808594,34.75889205932617,140.5082244873047,153.26318359375,184.90802001953125,482.3403625488281,25.799867630004883,156.51841735839844
2024-03-18,174.47999572753906,345.0174560546875,378.27099609375,34.87322998046875,146.97731018066406,151.88731384277344,187.20115661621094,495.1735534667969,25.596715927124023,156.35354614257812
2024-03-19,175.89999389648438,346.97833251953125,384.3577575683594,35.07332229614258,146.33038330078125,151.35443115234375,188.29913330078125,494.43621826171875,25.51361083984375,156.95486450195312
2024-03-20,178.14999389648438,349.4784851074219,386.851318359375,34.83511734008789,148.0322723388672,150.9184112548828,190.7671661376953,503.6824951171875,25.578248977661133,157.1100311279297
2024-03-21,178.14999389648438,357.4298400878906,390.3757629394531,35.282936096191406,146.897705078125,150.90872192382812,193.41978454589844,505.91436767578125,25.54131317138672,156.9839630126953
2024-03-22,178.8699951171875,351.10601806640625,391.5734558105469,34.968509674072266,150.0526123046875,150.40489196777344,191.0489501953125,507.7277526855469,25.264291763305664,156.78997802734375
2024-03-25,179.7100067138672,348.98828125,390.7586364746094,35.11143112182617,149.35594177246094,150.39520263671875,189.29995727539062,501.19158935546875,25.328929901123047,155.3642578125
2024-03-26,178.3000030517578,349.4196472167969,391.23968505859375,34.83511734008789,149.9530792236328,150.9281005859375,190.1841583251953,494.0875244140625,25.476675033569336,155.7134246826172
2024-03-27,179.8300018310547,357.5180969238281,403.15277099609375,35.54973602294922,150.15211486816406,153.050048828125,193.86679077148438,492.06488037109375,25.652122497558594,157.71136474609375
2024-03-28,180.3800048828125,359.2632751464844,404.7293395996094,35.797462463378906,150.2118377685547,153.2728729248047,194.62469482421875,483.8149719238281,25.624420166015625,157.36219787597656
2024-04-01,180.97000122070312,356.6258850097656,398.2259521484375,35.473506927490234,154.7501678466797,152.8756103515625,193.30320739746094,489.56402587890625,25.596715927124023,155.7425079345703
2024-04-02,180.69000244140625,357.6946105957031,398.0880126953125,35.80699157714844,153.82456970214844,152.82717895507812,193.2254638671875,495.5621337890625,25.439739227294922,155.7328338623047
2024-04-03,182.41000366210938,368.44024658203125,400.0882568359375,35.45444869995117,154.182861328125,149.4650421142578,192.6813507080078,504.8980407714844,25.1350154876709,151.44595336914062
2024-04-04,180.0,362.55755615234375,401.1524353027344,35.4639778137207,149.81375122070312,147.759765625,191.21534729003906,509.06292724609375,24.608675003051758,150.76707458496094
2024-04-05,185.07000732421875,371.8815612792969,406.5030212402344,35.57831573486328,151.7743682861328,147.65316772460938,192.97454833984375,525.4231567382812,24.617910385131836,151.39747619628906
2024-04-08,185.19000244140625,366.16558837890625,404.73919677734375,35.997554779052734,154.1132049560547,146.87802124023438,193.981201171875,517.3626098632812,24.544038772583008,151.3392791748047
2024-04-09,185.6699981689453,364.6263122558594,405.45855712890625,36.083309173583984,155.8548583984375,147.55625915527344,192.68133544921875,515.0211181640625,24.72871971130371,151.94061279296875
2024-04-10,185.9499969482422,364.79302978515625,405.94134521484375,35.168601989746094,155.3970489501953,145.53123474121094,191.0394287109375,517.9405517578125,24.303953170776367,152.5031280517578
2024-04-11,189.0500030517578,364.7047424316406,406.798583984375,35.06379318237305,158.6514892578125,144.16505432128906,191.0003204345703,521.2583618164062,24.322420120239258,151.1453094482422
2024-04-12,186.1300048828125,358.4789123535156,391.4564514160156,34.75889205932617,156.9794921875,142.93453979492188,178.64682006835938,510.039306640625,23.879188537597656,150.6506805419922
2024-04-15,183.6199951171875,356.7926025390625,388.0372314453125,34.55879592895508,154.12313842773438,143.00234985351562,178.74456787109375,498.4117431640625,23.92535972595215,150.76707458496094
2024-04-16,183.32000732421875,352.84136962890625,387.2588195800781,34.063331604003906,153.6653289794922,139.9599609375,176.70193481445312,497.9434509277344,23.722209930419922,151.2519989013672
2024-04-17,181.27999877929688,351.31195068359375,391.0721435546875,34.701725006103516,154.73023986816406,140.27001953125,175.99826049804688,492.373779296875,23.472890853881836,152.2315673828125
2024-04-18,179.22000122070312,350.9295349121094,394.73773193359375,34.94945526123047,155.26766967773438,141.20986938476562,177.1417236328125,499.9760437011719,23.445186614990234,153.5366668701172
2024-04-19,174.6300048828125,348.99102783203125,394.46185302734375,35.77840805053711,153.3568115234375,143.31240844726562,181.58860778808594,479.3213806152344,24.008464813232422,154.3663787841797
2024-04-22,177.22999572753906,351.89385986328125,393.76220703125,35.89274597167969,155.53639221191406,144.48480224609375,185.11679077148438,479.9789733886719,24.248546600341797,156.7091064453125
2024-04-23,179.5399932861328,357.4437255859375,391.3973083496094,35.787940979003906,157.5069580078125,144.9111328125,187.78488159179688,494.2967529296875,24.303953170776367,157.6461944580078
2024-04-24,176.58999633789062,357.7093811035156,388.84521484375,35.98802947998047,158.37283325195312,143.91314697265625,188.70358276367188,491.7062072753906,24.257783889770508,158.719970703125
2024-04-25,173.6699981689453,332.5973205566406,388.2934265136719,35.88322067260742,155.25772094726562,142.25631713867188,188.98703002929688,439.775634765625,23.32514762878418,158.67115783691406
2024-04-26,179.6199951171875,337.8913269042969,387.5740966796875,35.55926513671875,171.13182067871094,141.59742736816406,189.1043243408203,441.6787414550781,23.454423904418945,157.4412078857422
2024-04-29,180.9600067138672,344.20867919921875,395.0924377441406,35.94038772583008,165.3594207763672,142.25631713867188,188.89907836914062,431.0474853515625,23.67603874206543,157.80239868164062
2024-04-30,175.0,329.22216796875,385.68218994140625,35.80699157714844,162.00546264648438,140.09561157226562,187.3939666748047,428.60638427734375,23.65757179260254,159.30564880371094
2024-05-01,179.0,325.7781066894531,381.82940673828125,36.054725646972656,163.080322265625,146.48077392578125,187.51124572753906,437.5936279296875,25.098079681396484,159.50086975097656
2024-05-02,184.72000122070312,330.0782470703125,390.1656188964844,36.10236740112305,165.8271942138672,145.2599334716797,187.3157958984375,440.07452392578125,25.578248977661133,159.93035888671875
2024-05-03,186.2100067138672,331.3672790527344,395.0924377441406,35.64501190185547,166.44422912597656,144.630126953125,186.1918487548828,450.317138671875,25.679824829101562,160.5355682373047
2024-05-06,188.6999969482422,336.6318054199219,395.9595947265625,35.77840805053711,167.3001708984375,143.9615936279297,187.6480712890625,463.9873046875,26.003013610839844,160.51605224609375
2024-05-07,188.75999450683594,339.4854431152344,399.6349792480469,36.12142562866211,170.43515014648438,144.09722900390625,187.4037322998047,466.53802490234375,25.642887115478516,161.80455017089844
2024-05-08,188.0,338.993408203125,399.4872131347656,36.035667419433594,168.57406616210938,144.32008361816406,191.21534729003906,470.8821716308594,26.10458755493164,161.13101196289062
2024-05-09,189.5,346.1570739746094,403.0148010253906,36.521610260009766,169.15130615234375,145.19212341308594,193.02342224121094,473.6919250488281,26.413908004760742,162.07785034179688
2024-05-10,187.47999572753906,349.11895751953125,401.92108154296875,36.25214767456055,167.84751892089844,145.25025939941406,194.26461791992188,474.4690856933594,26.254562377929688,162.86856079101562
2024-05-13,186.57000732421875,350.9787292480469,402.0195617675781,36.6948356628418,168.33518981933594,146.51953125,194.2255401611328,466.3088684082031,26.657611846923828,161.9119110107422
2024-05-14,187.07000732421875,352.4547119140625,406.7394714355469,36.954673767089844,169.52947998046875,146.674560546875,196.94252014160156,470.1349182128906,26.60137176513672,161.80455017089844
2024-05-15,185.99000549316406,354.2850036621094,407.96136474609375,37.27225112915039,171.6891632080078,147.92445373535156,197.52891540527344,479.7896728515625,27.013797760009766,162.53665161132812
2024-05-16,183.6300048828125,345.1139831542969,388.65802001953125,37.16638946533203,173.3511962890625,149.48443603515625,197.88076782226562,471.5098571777344,27.10753059387207,163.85443115234375
2024-05-17,184.6999969482422,350.57525634765625,391.2101135253906,37.127899169921875,175.22225952148438,149.83322143554688,200.14816284179688,470.1946716308594,26.845075607299805,163.63970947265625
2024-05-20,183.5399932861328,356.95172119140625,385.7511901855469,37.012413024902344,176.07818603515625,147.75274658203125,191.1469268798828,467.1358337402344,26.741971969604492,163.31756591796875
2024-05-21,183.14999389648438,353.3305358886719,381.08056640625,37.07015609741211,177.00375366210938,147.7234649658203,194.9976348876953,462.9411315917969,26.770092010498047,164.33274841308594
2024-05-22,183.1300048828125,350.25054931640625,380.3612060546875,36.47349166870117,175.54074096679688,149.93089294433594,193.8150634765625,466.0796813964844,27.74491310119629,163.8056182861328
2024-05-23,181.0500030517578,345.0943603515625,373.6903076171875,35.63623046875,172.72422790527344,146.21925354003906,192.45654296875,464.0869445800781,26.891944885253906,161.54098510742188
2024-05-24,180.75,343.3230895996094,369.472900390625,35.30903244018555,174.15737915039062,143.552734375,196.16065979003906,476.48175048828125,27.070037841796875,161.38482666015625
2024-05-28,182.14999389648438,340.9319152832031,363.8661804199219,35.39564514160156,175.56065368652344,141.02296447753906,194.9780731201172,478.1755676269531,26.526386260986328,159.2177734375
2024-05-29,182.02000427246094,332.7055358886719,359.63897705078125,34.818233489990234,175.06301879882812,141.08155822753906,193.61956787109375,472.63580322265625,26.07646942138672,157.79263305664062
2024-05-30,179.32000732421875,333.82733154296875,362.95965576171875,35.34752655029297,171.2910614013672,141.9020233154297,194.8119354248047,465.3523254394531,26.432653427124023,158.700439453125
2024-05-31,176.44000244140625,333.1090393066406,369.2758483886719,36.13666534423828,171.67919921875,143.25970458984375,198.03713989257812,465.1331481933594,26.86382484436035,160.61366271972656
2024-06-03,178.33999633789062,326.0634460449219,362.7330017089844,35.799842834472656,172.3460235595703,144.30482482910156,197.24549865722656,475.7543640136719,27.473087310791016,160.7210235595703
2024-06-04,179.33999633789062,322.33404541015625,363.9647521972656,35.953819274902344,172.96307373046875,144.36343383789062,194.64578247070312,475.25616455078125,27.641807556152344,163.0247039794922
2024-06-05,181.27999877929688,324.18402099609375,365.5610046386719,35.405269622802734,174.57534790039062,142.57598876953125,192.78884887695312,493.260498046875,27.69804573059082,162.08761596679688
2024-06-06,185.0,323.0425720214844,365.8369140625,35.14543533325195,175.88906860351562,143.0155029296875,192.44677734375,491.96527099609375,26.99505043029785,164.4498748779297
2024-06-07,184.3000030517578,323.6821594238281,363.186279296875,34.8086051940918,173.6298828125,143.66017150878906,195.41787719726562,491.16815185546875,26.788837432861328,163.0735321044922
2024-06-10,187.05999755859375,324.3414306640625,362.910400390625,34.84709930419922,174.3771514892578,143.7090301513672,195.08558654785156,500.7731628417969,26.310800552368164,163.3566131591797
2024-06-11,187.22999572753906,322.0782165527344,359.78680419921875,34.84709930419922,175.98133850097656,143.34762573242188,189.95458984375,505.62542724609375,26.2733097076416,163.48350524902344
2024-06-12,186.88999938964844,323.4754638671875,364.6742248535156,33.44205093383789,177.14710998535156,142.0290069580078,187.18873596191406,506.9904479980469,25.926496505737305,161.23838806152344
2024-06-13,183.8300018310547,321.1433410644531,372.419189453125,34.07720947265625,174.52662658691406,142.0680694580078,189.2704620361328,502.2676696777344,25.91712188720703,162.43902587890625
2024-06-14,183.66000366210938,316.3315734863281,372.4684143066406,34.20232009887695,176.15074157714844,142.15597534179688,189.38772583007812,502.8262023925781,25.804643630981445,162.80996704101562
2024-06-17,184.05999755859375,317.2466735839844,373.67059326171875,33.84624481201172,176.59912109375,142.5564422607422,190.56053161621094,505.2896423339844,25.289113998413086,163.50303649902344
2024-06-18,182.80999755859375,319.9429016113281,377.1588134765625,33.5767822265625,174.4568634033203,142.263427734375,192.5347442626953,498.1685485839844,25.69216537475586,164.5377197265625
2024-06-20,186.10000610351562,323.8691101074219,375.9468078613281,33.624900817871094,175.66249084472656,144.34390258789062,194.16688537597656,500.3727111816406,26.001482009887695,163.66897583007812
2024-06-21,189.0800018310547,322.5997314453125,369.5517883300781,33.47092056274414,178.98046875,145.29135131835938,191.85061645507812,493.47100830078125,26.001482009887695,164.24490356445312
2024-06-24,185.57000732421875,324.7251892089844,372.635986328125,34.00022506713867,178.5719451904297,145.65274047851562,194.37213134765625,497.590087890625,26.58262825012207,164.43035888671875
2024-06-25,186.33999633789062,322.166748046875,364.0632629394531,33.50941467285156,183.3645477294922,143.7676239013672,193.5804901123047,509.2491760253906,26.235815048217773,162.86856079101562
2024-06-26,193.61000061035156,321.5074768066406,370.7440490722656,33.490169525146484,183.21510314941406,143.40623474121094,192.95498657226562,511.7624816894531,25.701536178588867,163.4542236328125
2024-06-27,197.85000610351562,322.2257995605469,371.2761535644531,33.3939323425293,184.73956298828125,142.4099578857422,194.65554809570312,518.1854858398438,26.057720184326172,162.64402770996094
2024-06-28,193.25,327.7756652832031,369.6043701171875,33.30732727050781,181.4913330078125,142.76158142089844,197.67552185058594,502.88604736328125,26.2264404296875,160.98460388183594
2024-07-01,197.1999969482422,323.81988525390625,357.1005554199219,33.24958038330078,182.32830810546875,143.03506469726562,200.793212890625,503.3448181152344,26.451398849487305,158.83709716796875
2024-07-02,200.0,322.5210266113281,361.01788330078125,33.23033142089844,184.5701904296875,142.6345977783203,204.0966033935547,508.1520690917969,26.08584213256836,159.98892211914062
2024-07-03,197.58999633789062,325.3254699707031,358.88116455078125,33.42280960083008,185.1480712890625,142.302490234375,203.95977783203125,508.6108703613281,25.9639892578125,159.9206085205078
2024-07-05,200.0,323.1015625,356.15087890625,33.01861572265625,189.9108123779297,143.07412719726562,201.2572021484375,538.4816284179688,26.29205322265625,161.26768493652344
2024-07-08,199.2899932861328,323.8002014160156,351.17510986328125,32.95125198364258,188.34646606445312,142.0973663330078,201.6306610107422,527.919677734375,26.179576873779297,162.54641723632812
2024-07-09,199.33999633789062,320.84814453125,345.0814514160156,33.134098052978516,188.29664611816406,143.63087463378906,204.04823303222656,528.5978393554688,25.98273468017578,161.70693969726562
2024-07-10,199.7899932861328,323.2294921875,347.7424621582031,33.384307861328125,190.48867797851562,145.9555206298828,204.21530151367188,533.275390625,26.573253631591797,162.81973266601562
2024-07-11,195.0500030517578,325.837158203125,357.7039794921875,33.9906005859375,184.89898681640625,146.21925354003906,203.87132263183594,511.3435974121094,26.86382484436035,161.58978271484375
2024-07-12,194.49000549316406,330.225830078125,361.3937683105469,33.913612365722656,184.4008026123047,146.3950653076172,201.40463256835938,497.5501708984375,27.10753059387207,162.63426208496094
2024-07-15,192.72000122070312,340.24310302734375,367.66546630859375,34.019466400146484,185.8555145263672,145.76995849609375,206.42648315429688,494.84735107421875,27.2762508392334,160.6527099609375
2024-07-16,193.02000427246094,354.81640625,373.44256591796875,34.18307113647461,183.25494384765625,147.49879455566406,209.9348907470703,488.4942321777344,27.651180267333984,162.96615600585938
2024-07-17,187.92999267578125,352.0808410644531,380.98046875,35.05881881713867,180.3654327392578,152.93930053710938,213.12881469726562,460.7677307128906,28.14796257019043,165.396728515625
2024-07-18,183.75,350.3391418457031,376.5388488769531,34.8759765625,177.0474853515625,151.80625915527344,206.357666015625,474.5910949707031,27.848018646240234,164.4206085205078
2024-07-19,183.1300048828125,342.0733947753906,373.9866027832031,34.770111083984375,177.017578125,151.09324645996094,206.16111755371094,475.52862548828125,28.091724395751953,164.93812561035156
2024-07-22,182.5500030517578,343.7036437988281,375.163818359375,34.88559341430664,181.01307678222656,150.65370178222656,206.6525115966797,486.1105041503906,27.74491310119629,165.222900390625
2024-07-23,186.41000366210938,340.0479736328125,367.51708984375,34.5198974609375,181.1326446533203,148.80764770507812,206.70164489746094,487.3971252441406,27.651180267333984,163.62222290039062
2024-07-24,180.8300018310547,332.0153503417969,365.4100646972656,35.097312927246094,172.0057830810547,152.64627075195312,204.9916534423828,460.04962158203125,28.101097106933594,164.9774169921875
2024-07-25,179.85000610351562,340.1763610839844,377.5775146484375,35.10694122314453,166.6751251220703,155.92813110351562,205.07028198242188,452.21044921875,28.288562774658203,163.89718627929688
2024-07-26,182.5,346.2823791503906,382.3851318359375,35.36677551269531,166.39613342285156,156.90489196777344,208.5786895751953,464.46795654296875,29.248624801635742,166.0674285888672
2024-07-29,183.1999969482422,340.4036560058594,372.7105407714844,35.50150680541992,168.9169921875,154.8732452392578,207.21267700195312,464.4779052734375,29.20109748840332,166.87266540527344
2024-07-30,181.7100067138672,337.6272888183594,367.764404296875,35.81908416748047,169.67422485351562,157.57884216308594,211.47781372070312,461.964599609375,29.837970733642578,158.79075622558594
2024-07-31,186.97999572753906,342.05364990234375,367.97216796875,35.799842834472656,170.91969299316406,154.17977905273438,209.1290283203125,473.57379150390625,29.029998779296875,157.86764526367188
2024-08-01,184.07000732421875,327.5494689941406,354.0537109375,36.81993865966797,170.1425323486328,157.0220947265625,204.37254333496094,496.42315673828125,29.134557723999023,162.70895385742188
2024-08-02,167.89999389648438,317.0270080566406,349.9385681152344,37.31074142456055,166.057373046875,160.32350158691406,195.70468139648438,486.8486022949219,28.92543601989746,167.0199737548828
2024-08-05,161.02000427246094,313.0057373046875,341.1245422363281,36.107791900634766,158.67416381835938,157.5006866455078,191.53781127929688,474.471435546875,28.269550323486328,165.03631591796875
2024-08-06,161.92999267578125,322.5303039550781,342.3313903808594,36.17515563964844,157.71763610839844,155.27371215820312,196.88397216796875,492.7828063964844,27.870315551757812,165.06578063964844
2024-08-07,162.77000427246094,321.89794921875,342.25225830078125,36.415748596191406,158.3652801513672,155.205322265625,196.94293212890625,487.62652587890625,27.42355728149414,166.9610595703125
2024-08-08,165.8000030517578,332.1338806152344,345.37823486328125,36.127044677734375,161.44410705566406,156.49464416503906,200.539794921875,508.2817077636719,27.3380069732666,167.79576110839844
2024-08-09,166.94000244140625,334.208740234375,342.3017578125,36.06930160522461,163.0781707763672,156.88534545898438,202.24978637695312,516.4002075195312,27.138389587402344,167.47171020507812
2024-08-12,166.8000030517578,332.0054626464844,341.2927551269531,35.87485885620117,161.70315551757812,156.1625518798828,202.63307189941406,514.5849609375,27.0433349609375,163.80880737304688
2024-08-13,170.22999572753906,334.74224853515625,346.8125915527344,36.09846878051758,163.56639099121094,154.7071990966797,204.35289001464844,527.1416625976562,27.42355728149414,164.28016662597656
2024-08-14,170.10000610351562,333.5467529296875,347.49517822265625,36.00123977661133,159.7900848388672,154.79510498046875,206.6132049560547,525.366455078125,27.452072143554688,165.7630157470703
2024-08-15,177.58999633789062,341.5003662109375,369.2383728027344,36.458187103271484,160.71676635742188,155.39093017578125,207.90060424804688,535.908447265625,27.290475845336914,164.89883422851562
2024-08-16,177.05999755859375,339.3662109375,373.84814453125,36.56513214111328,162.37075805664062,155.68394470214844,210.2788543701172,526.0245971679688,26.90074920654297,164.869384765625
2024-08-19,178.22000122070312,340.522216796875,368.8921203613281,36.56513214111328,166.0673370361328,155.91836547851562,211.73333740234375,527.8797607421875,27.376028060913086,165.3898468017578
2024-08-20,178.8800048828125,339.1883544921875,368.5755615234375,36.49707794189453,166.57546997070312,156.43603515625,210.8193817138672,525.33642578125,27.471086502075195,167.3440399169922
2024-08-21,180.11000061035156,338.8623352050781,372.98748779296875,36.81790542602539,165.2502899169922,157.676513671875,210.8979949951172,533.744140625,27.59465789794922,167.09854125976562
2024-08-22,176.1300048828125,338.2596130371094,372.5324401855469,36.827632904052734,163.20770263671875,158.5751190185547,212.89297485351562,530.5227661132812,27.357017517089844,167.08871459960938
2024-08-23,177.0399932861328,344.2371826171875,377.072998046875,36.74013137817383,165.02113342285156,160.31373596191406,214.54397583007812,526.6031494140625,27.471086502075195,166.1263427734375
2024-08-26,175.5,346.9542236328125,378.96246337890625,36.915130615234375,165.55917358398438,160.78257751464844,215.38914489746094,519.7413330078125,27.490095138549805,167.28512573242188
2024-08-27,173.1199951171875,346.9147033691406,371.9290466308594,36.6331901550293,164.08450317382812,160.36923217773438,216.38172912597656,517.7266235351562,27.39504051208496,166.2049102783203
2024-08-28,170.8000030517578,344.0296936035156,373.8778381347656,36.83735275268555,162.26113891601562,161.32386779785156,217.4725799560547,515.4127807617188,27.328502655029297,166.01832580566406
2024-08-29,172.1199951171875,347.4284973144531,377.70611572265625,36.97346115112305,161.19500732421875,161.62893676757812,218.37672424316406,516.8489379882812,27.299983978271484,166.9708709716797
2024-08-30,178.5,351.8350524902344,381.5838928222656,37.031795501708984,162.7892303466797,163.23313903808594,220.92201232910156,519.9308471679688,27.575645446777344,168.4536895751953
2024-09-03,176.25,336.1650085449219,381.534423828125,37.420684814453125,156.79098510742188,164.51255798339844,216.49964904785156,510.40606689453125,26.90074920654297,171.38009643554688
2024-09-04,173.3300018310547,332.716796875,387.72698974609375,37.8095703125,155.88427734375,164.7093963623047,215.54638671875,511.3834533691406,26.986299514770508,172.73526000976562
2024-09-05,177.88999938964844,329.5650329589844,379.55596923828125,37.352622985839844,156.6714324951172,162.37692260742188,213.87571716308594,515.4925537109375,27.10036849975586,172.31300354003906
2024-09-06,171.38999938964844,325.415283203125,377.44891357421875,37.13874053955078,150.374267578125,161.77658081054688,208.79490661621094,498.94647216796875,27.14789390563965,172.43084716796875
2024-09-09,175.39999389648438,330.0392761230469,383.0578308105469,37.654014587402344,148.36888122558594,163.9712677001953,213.06985473632812,503.45452880859375,27.955867767333984,172.8923797607422
2024-09-10,179.5500030517578,330.1578369140625,383.1270446777344,37.965126037597656,148.31900024414062,164.72906494140625,202.013916015625,503.45452880859375,28.269550323486328,174.59124755859375
2024-09-11,184.52000427246094,330.98779296875,384.4031677246094,38.20817947387695,150.81326293945312,162.20960998535156,203.65512084960938,510.4758605957031,28.19350814819336,170.7908935546875
2024-09-12,187.0,335.51287841796875,382.8302917480469,38.752620697021484,154.33517456054688,162.03245544433594,203.03598022460938,524.20947265625,27.718229293823242,170.34898376464844
2024-09-13,186.49000549316406,341.1742858886719,390.42755126953125,39.11233901977539,157.0988311767578,162.89852905273438,200.79531860351562,523.2320556640625,27.822790145874023,170.94802856445312
2024-09-16,184.88999938964844,343.79254150390625,390.40777587890625,39.306785583496094,157.6974334716797,164.34524536132812,204.27426147460938,532.3765869140625,28.583234786987305,174.05116271972656
2024-09-17,186.8800048828125,349.4539489746094,393.59307861328125,39.08317947387695,158.95455932617188,164.42398071289062,205.64027404785156,535.411376953125,28.3551025390625,172.71563720703125
2024-09-18,186.42999267578125,350.8667907714844,396.74871826171875,38.40262222290039,159.4434356689453,163.51853942871094,203.94993591308594,537.0386962890625,28.2790584564209,170.7908935546875
2024-09-19,189.8699951171875,368.8389587402344,405.3154296875,38.19845962524414,161.76808166503906,162.20960998535156,206.84906005859375,558.15283203125,28.19350814819336,168.4536895751953
2024-09-20,191.60000610351562,364.4027099609375,401.51678466796875,39.1512336730957,163.21475219726562,161.56007385253906,207.4485321044922,560.3989868164062,27.965373992919922,171.0854949951172
2024-09-23,193.8800048828125,366.724609375,404.5437927246094,39.27762222290039,161.47874450683594,160.63494873046875,207.79249572753906,563.4537963867188,27.86081314086914,170.6436004638672
2024-09-24,193.9600067138672,381.30780029296875,406.4629211425781,38.87900924682617,161.917724609375,160.20191955566406,207.9398956298828,562.3756713867188,28.041418075561523,170.1231231689453
2024-09-25,192.52999877929688,373.71978759765625,402.5455627441406,38.87900924682617,161.11956787109375,158.05645751953125,206.56407165527344,567.34716796875,27.499601364135742,169.16075134277344
2024-09-26,191.16000366210938,386.2775573730469,407.03668212890625,38.8206787109375,162.35671997070312,158.83392333984375,206.16111755371094,566.8779907226562,27.53762435913086,170.0936737060547
2024-09-27,187.97000122070312,386.3960876464844,413.4963073730469,39.2581787109375,163.5739288330078,158.84376525878906,206.86871337890625,566.3988037109375,27.651691436767578,170.42755126953125
2024-09-30,186.3300018310547,386.4356384277344,414.2904357910156,39.4234504699707,165.46957397460938,159.49331665039062,207.22250366210938,571.47021484375,27.50910758972168,170.08384704589844
2024-10-01,185.1300048828125,387.6904296875,413.4069519042969,39.6373405456543,166.60696411132812,159.4244384765625,203.46839904785156,575.4933471679688,27.252456665039062,169.92672729492188
2024-10-02,184.75999450683594,389.3305358886719,413.4565734863281,39.812339782714844,165.47955322265625,158.61741638183594,203.7140655517578,571.839599609375,27.195423126220703,168.82687377929688
2024-10-03,181.9600067138672,386.406005859375,405.76300048828125,39.64706039428711,165.47955322265625,157.95803833007812,201.6896209716797,581.78271484375,26.938772201538086,167.0592498779297
2024-10-04,186.50999450683594,392.3341369628906,405.01849365234375,39.092899322509766,166.6768035888672,157.7513427734375,208.84832763671875,594.930419921875,27.166906356811523,165.84158325195312
2024-10-07,180.8000030517578,393.480224609375,403.08270263671875,38.44151306152344,162.6061553955078,157.00338745117188,208.5615692138672,583.7893676757812,27.756250381469727,164.1132354736328
2024-10-08,182.72000122070312,383.3134765625,397.3646240234375,38.50956726074219,164.00294494628906,157.16085815429688,208.3835906982422,591.8855590820312,27.737241744995117,165.134521484375
2024-10-09,185.1699981689453,391.4449462890625,402.52679443359375,38.499847412109375,161.4887237548828,158.10565185546875,211.02362060546875,589.5095825195312,28.697303771972656,166.22454833984375
2024-10-10,186.64999389648438,391.8895263671875,402.80474853515625,38.179012298583984,161.70822143554688,157.96786499023438,210.45013427734375,582.8408813476562,27.88932991027832,165.91029357910156
2024-10-11,188.82000732421875,397.2051086425781,408.0859680175781,38.635955810546875,162.8655548095703,158.90283203125,219.79400634765625,588.9505615234375,27.718229293823242,168.0117950439453
2024-10-14,187.5399932861328,389.23175048828125,404.7504577636719,38.8206787109375,164.5816192626953,159.04061889648438,218.99310302734375,589.419677734375,27.642183303833008,169.40625
2024-10-15,187.69000244140625,383.3431091308594,399.0621643066406,39.43317413330078,165.08047485351562,161.5010223388672,219.8928985595703,585.2767944335938,27.984384536743164,170.4471893310547
2024-10-16,186.88999938964844,388.9056701660156,406.388427734375,39.831787109375,164.78115844726562,161.67816162109375,221.12887573242188,575.8128051757812,28.203012466430664,169.27859497070312
2024-10-17,187.52999877929688,389.7652893066406,402.18927001953125,39.6373405456543,162.55625915527344,161.8651580810547,221.90011596679688,575.9525756835938,27.822790145874023,169.18040466308594
2024-10-18,188.99000549316406,389.142822265625,405.75311279296875,39.812339782714844,163.04515075683594,162.50485229492188,222.83944702148438,575.4933471679688,27.77526092529297,169.18731689453125
2024-10-21,189.07000732421875,387.189453125,403.9959716796875,39.37484359741211,163.69366455078125,160.25112915039062,220.49606323242188,574.1856079101562,27.499601364135742,167.46856689453125
2024-10-22,189.6999969482422,385.1864318847656,403.6882629394531,39.40400695800781,164.76119995117188,160.86129760742188,221.6034698486328,581.0239868164062,27.414052963256836,167.62660217285156
2024-10-23,184.7100067138672,382.4794616699219,405.6637878417969,39.608177185058594,162.4066162109375,163.23313903808594,220.90145874023438,562.7350463867188,27.433061599731445,167.50808715820312
2024-10-24,186.3800048828125,383.7982482910156,408.0760498046875,39.57900619506836,162.34674072265625,161.07781982421875,222.4538116455078,566.818115234375,27.22393798828125,167.54759216308594
2024-10-25,187.8300018310547,382.7174377441406,404.95892333984375,38.956787109375,164.89089965820312,158.33201599121094,219.8137969970703,572.27880859375,27.0433349609375,166.16470336914062
2024-10-28,188.38999938964844,387.3183288574219,409.34674072265625,39.11233901977539,166.3375701904297,159.04061889648438,222.96798706054688,577.1804809570312,27.433061599731445,167.23150634765625
2024-10-29,190.8300018310547,384.2444763183594,403.08270263671875,38.451229095458984,169.290771484375,157.5545196533203,220.3971710205078,592.2749633789062,27.052839279174805,165.1275177001953
2024-10-30,192.72999572753906,376.04412841796875,401.7425231933594,38.597068786621094,174.059814453125,158.0662841796875,221.89022827148438,590.79736328125,27.109872817993164,164.12986755371094
2024-10-31,186.39999389648438,373.02978515625,401.7425231933594,38.20817947387695,170.71751403808594,157.3281707763672,219.4281768798828,566.6184692382812,26.90074920654297,163.16183471679688
2024-11-01,197.92999267578125,376.43084716796875,397.5036315917969,37.09012985229492,170.89707946777344,157.59388732910156,220.43673706054688,566.1990966796875,26.701135635375977,163.08282470703125
2024-11-04,195.77999877929688,373.3470764160156,398.75445556640625,36.915130615234375,168.85179138183594,155.73382568359375,217.31219482421875,559.7301635742188,26.387449264526367,163.0630645751953
2024-11-05,199.5,380.13934326171875,397.4539794921875,37.40123748779297,169.3506622314453,155.8420867919922,219.0030059814453,571.460205078125,26.6060791015625,163.7347412109375
2024-11-06,207.08999633789062,413.3669738769531,402.7550964355469,37.25540542602539,176.10511779785156,155.37953186035156,244.28590393066406,571.0808715820312,26.00722885131836,159.08230590820312
2024-11-07,210.0500030517578,404.77001953125,408.1654052734375,37.031795501708984,180.3354034423828,154.24774169921875,233.725830078125,590.6976318359375,26.10228157043457,161.41346740722656
2024-11-08,208.17999267578125,390.0550842285156,391.18994140625,37.42460250854492,177.94090270996094,153.0076904296875,234.31907653808594,588.3416137695312,25.793380737304688,165.6609344482422
2024-11-11,206.83999633789062,393.1983642578125,399.7173767089844,37.709388732910156,179.9363250732422,152.58448791503906,236.60313415527344,582.1820068359375,25.330026626586914,164.00144958496094
2024-11-12,208.91000366210938,389.6981201171875,390.8822021484375,37.47370529174805,181.20338439941406,150.22251892089844,236.8701171875,583.8292236328125,25.281761169433594,163.8137664794922
2024-11-13,214.10000610351562,383.80816650390625,386.613525390625,37.454063415527344,178.46969604492188,150.81301879882812,238.4521484375,579.0173950195312,25.793380737304688,164.54473876953125
2024-11-14,211.47999572753906,384.095703125,391.7657470703125,37.43442153930664,175.17724609375,149.46470642089844,239.1541748046875,576.1821899414062,25.117656707763672,165.03863525390625
2024-11-15,202.61000061035156,380.8334655761719,396.0443420410156,38.406620025634766,172.09434509277344,151.56097412109375,242.5555419921875,553.141357421875,23.93996238708496,167.46856689453125
2024-11-18,201.6999969482422,381.22015380859375,401.5837097167969,38.52445983886719,174.89788818359375,152.31878662109375,242.2786865234375,553.4608154296875,23.997882843017578,168.66378784179688
2024-11-19,204.61000061035156,379.10809326171875,397.176025390625,38.39679718017578,177.71142578125,150.57681274414062,240.36045837402344,560.1394653320312,24.22956085205078,168.6736602783203
2024-11-20,202.8800048828125,378.28509521484375,402.01055908203125,38.033451080322266,175.57632446289062,150.68507385253906,238.07640075683594,564.5619506835938,24.075109481811523,168.8020782470703
2024-11-21,198.3800048828125,386.3069152832031,434.3533020019531,38.60301971435547,167.24549865722656,153.03721618652344,242.01170349121094,562.1360473632812,24.25851821899414,170.6393585205078
2024-11-22,197.1199951171875,394.1403503417969,443.39691162109375,38.01380920410156,164.38206481933594,152.7124481201172,245.75917053222656,558.1927490234375,24.76048469543457,174.126220703125
2024-11-25,201.4499969482422,402.2315979003906,459.3200988769531,38.4262580871582,167.2654266357422,153.3127899169922,247.47962951660156,564.152587890625,25.262453079223633,175.22265625
2024-11-26,207.86000061035156,404.3932189941406,457.68212890625,38.779781341552734,168.73207092285156,153.29295349121094,247.16322326660156,572.5682983398438,24.876325607299805,177.11920166015625
2024-11-27,205.74000549316406,400.29803466796875,462.6059875488281,38.79942321777344,168.84181213378906,154.16595458984375,246.9852294921875,568.2356567382812,24.93424415588379,177.1685791015625
2024-11-29,207.88999938964844,402.6877136230469,462.5067138671875,38.84852600097656,168.5624542236328,153.779052734375,246.91603088378906,573.3470458984375,25.30106544494629,177.06980895996094
2024-12-02,210.7100067138672,399.1180725097656,459.5782165527344,37.67992401123047,171.0966339111328,153.5707244873047,243.48500061035156,591.82568359375,24.924591064453125,177.50442504882812
2024-12-03,213.44000244140625,395.89544677734375,455.9051513671875,37.454063415527344,170.94696044921875,151.1501007080078,242.071044921875,612.6104125976562,24.673606872558594,173.27671813964844
2024-12-04,218.16000366210938,396.1433410644531,452.93695068359375,37.16927719116211,173.9700164794922,149.27511596679688,240.6669921875,612.7401733398438,24.355051040649414,172.9705047607422
2024-12-05,220.5500030517578,391.6515197753906,444.8562316894531,37.296939849853516,172.24398803710938,148.33265686035156,242.7236328125,607.8983764648438,24.808753967285156,173.8792724609375
2024-12-06,227.02999877929688,391.7010803222656,440.7662353515625,37.16927719116211,174.30926513671875,148.1243133544922,244.58251953125,622.7132568359375,24.837711334228516,171.6962890625
2024-12-09,226.08999633789062,395.89544677734375,446.1368408203125,36.76665115356445,175.1682586669922,148.41201782226562,241.0723876953125,612.530517578125,25.194881439208984,168.7032928466797
2024-12-10,225.0399932861328,385.1170654296875,440.72650146484375,36.64881134033203,184.9569854736328,148.04495239257812,240.133056640625,618.2708129882812,24.68326187133789,170.1750946044922
2024-12-11,230.25999450683594,385.5929870605469,444.7668762207031,36.098880767822266,195.1752166748047,145.47552490234375,240.7955322265625,631.608154296875,24.355051040649414,168.54525756835938
2024-12-12,228.97000122070312,377.5711669921875,436.2791442871094,36.167625427246094,191.7391815185547,145.07870483398438,238.81797790527344,629.7213745117188,24.490198135375977,168.7625732421875
2024-12-13,227.4600067138672,377.303466796875,437.2321472167969,36.20690155029297,189.6016387939453,145.45567321777344,237.245849609375,619.299072265625,24.692913055419922,168.97000122070312
2024-12-16,232.92999267578125,375.7268371582031,435.22686767578125,35.56859588623047,196.43377685546875,142.7076873779297,236.889892578125,623.6851196289062,24.374357223510742,169.04901123046875
2024-12-17,231.14999389648438,372.6331481933594,440.35919189453125,35.863197326660156,195.1951904296875,145.24734497070312,235.68357849121094,618.889404296875,25.513437271118164,168.24891662597656
2024-12-18,220.52000427246094,360.8235168457031,422.8973083496094,35.9024772644043,188.18325805664062,143.60052490234375,227.78329467773438,596.6591796875,24.992162704467773,167.0142059326172
2024-12-19,223.2899932861328,357.33319091796875,423.5227355957031,36.521148681640625,188.2931365966797,142.4398193359375,230.34422302246094,595.0405883789062,24.876325607299805,167.1228485107422
2024-12-20,224.9199981689453,362.9554138183594,429.3400573730469,36.35420608520508,191.18980407714844,143.32275390625,234.93212890625,584.7297973632812,25.445865631103516,166.00665283203125
2024-12-23,225.05999755859375,362.3108825683594,429.2308349609375,36.65863037109375,194.40611267089844,144.1164093017578,235.71324157714844,599.3167724609375,25.78372573852539,166.05604553222656
2024-12-24,229.0500030517578,364.4725036621094,429.6875,36.845211029052734,195.8843994140625,144.69180297851562,239.58921813964844,607.2097778320312,25.812685012817383,166.8759002685547
2024-12-26,227.0500030517578,364.02630615234375,430.68023681640625,36.77647018432617,195.375,144.42393493652344,240.409912109375,602.8136596679688,25.638927459716797,168.0810089111328
2024-12-27,223.75,361.7853088378906,426.927734375,36.756832122802734,192.5382537841797,143.8981475830078,238.4620361328125,599.27685546875,25.696847915649414,167.4586944580078
2024-12-30,221.3000030517578,359.9509582519531,421.5472412109375,36.9532356262207,191.02000427246094,142.20172119140625,236.6328125,590.7144165039062,25.5037841796875,165.0485076904297
